0.000000000000000000e+00,-3.530782415057139023e-02,-5.999336514809124055e-02,7.749381798225485340e-04
1.981520652770989849e-02,-3.535916278306008853e-02,-5.992185179663818417e-02,7.821103467759993322e-04
3.978490829467769968e-02,-3.534153545661807699e-02,-5.991245475273310195e-02,7.822770824140734547e-04
5.984091758728019711e-02,-3.532456784656985704e-02,-5.994951651504235035e-02,7.786712226701686390e-04
7.994031906127929688e-02,-3.529429240713993082e-02,-5.993668295945131508e-02,7.801045376707449464e-04
9.978818893432610249e-02,-3.529338609668602328e-02,-5.991194603937056301e-02,7.832998359824649981e-04
1.198050975799559992e-01,-3.533171450651212409e-02,-5.981371565193848577e-02,7.930495217349786685e-04
1.398367881774902066e-01,-3.535091628407758396e-02,-5.979914756062525844e-02,7.953802615109362151e-04
1.598277091979979914e-01,-3.543446638578154340e-02,-5.989670905411114549e-02,7.848203396709774182e-04
1.799068450927734097e-01,-3.543063674493715509e-02,-5.987677546739580275e-02,7.861794296477597754e-04
1.998455524444580078e-01,-3.543308976668250315e-02,-5.981210688639913148e-02,7.930955982287102302e-04
2.198143005371092917e-01,-3.552985394003384256e-02,-5.978477633854138718e-02,7.968844333682278958e-04
2.398838996887207031e-01,-3.556465794334492947e-02,-5.981714835618388848e-02,7.940891934283822451e-04
2.599825859069824219e-01,-3.561181991456473239e-02,-5.972077882658622522e-02,8.052404836321747084e-04
2.798521518707274836e-01,-3.562036217192623283e-02,-5.974368226517427077e-02,8.033462498902022020e-04
2.999396324157714844e-01,-3.570139762153961421e-02,-5.981293150509085776e-02,7.962391245139865958e-04
3.199386596679686945e-01,-3.576428486103854637e-02,-5.981331097354408710e-02,7.972424733411198616e-04
3.397793769836425781e-01,-3.583457297840561551e-02,-5.977835276777143658e-02,8.011632757143338779e-04
3.598325252532958984e-01,-3.568697905697874873e-02,-5.975995409426594629e-02,8.033424404018107978e-04
3.799405097961425781e-01,-3.568272166974620352e-02,-5.978157488095989930e-02,8.021904076876973377e-04
3.997871875762938898e-01,-3.579707929828867402e-02,-5.971161442807904063e-02,8.103089873213731309e-04
4.198427200317382812e-01,-3.582665262371274167e-02,-5.972173586039304649e-02,8.096233671472941040e-04
4.399731159210205078e-01,-3.572959070252637592e-02,-5.988001646511699472e-02,7.946238420302176308e-04
4.599573612213134766e-01,-3.578091366621256875e-02,-5.976184895462786917e-02,8.073744539347504912e-04
4.797756671905517023e-01,-3.568273034118848303e-02,-5.973954779459196562e-02,8.102682044184295052e-04
5.000107288360595703e-01,-3.565072850673070559e-02,-5.968561693182686950e-02,8.163962417176984232e-04
5.199568271636962891e-01,-3.557904185171264361e-02,-5.973984629652115408e-02,8.128588294790128899e-04
5.398302078247070312e-01,-3.550582660294168691e-02,-5.977792626748100469e-02,8.097548387695496785e-04
5.599541664123535156e-01,-3.550860304665100220e-02,-5.981376665626045308e-02,8.073914343846855246e-04
5.798408985137939453e-01,-3.555749870383616285e-02,-5.982229145756955135e-02,8.074848285617441945e-04
5.998189449310302734e-01,-3.553355531374007004e-02,-5.985892936700725614e-02,8.060517956443025156e-04
6.198368072509765625e-01,-3.546642913010031317e-02,-5.983012602898737237e-02,8.099026448132873313e-04
6.398978233337402344e-01,-3.545858423929836717e-02,-5.981922210664582934e-02,8.121297120824433335e-04
6.598443984985351562e-01,-3.533028326249753465e-02,-5.984014491123228197e-02,8.115790295896152529e-04
6.797573566436767578e-01,-3.540821172326350658e-02,-5.981763331221121721e-02,8.161222024117842366e-04
6.998965740203857422e-01,-3.540222810991959512e-02,-5.983102317298810008e-02,8.169063835909984306e-04
7.198252677917480469e-01,-3.532850632239434990e-02,-5.982956328793721107e-02,8.190539892221071483e-04
7.397835254669189453e-01,-3.521803443291464386e-02,-5.985747476787355720e-02,8.183285257684635994e-04
7.597756385803222656e-01,-3.525626620617260121e-02,-5.991173945455664784e-02,8.141221613436888660e-04
7.799410820007324219e-01,-3.513175481859755200e-02,-5.992390228453622208e-02,8.148251906714421011e-04
7.998192310333251953e-01,-3.519748774724971996e-02,-5.990567785449653349e-02,8.176999392375261522e-04
8.198149204254150391e-01,-3.510317035629843818e-02,-6.000555236310806118e-02,8.090287939569451581e-04
8.397798538208007812e-01,-3.509521183633074887e-02,-5.998775300725518733e-02,8.122053118670979899e-04
8.598868846893310547e-01,-3.503085029128142486e-02,-5.996415829301803696e-02,8.153976253221228987e-04
8.798484802246093750e-01,-3.495574603939663461e-02,-6.008551708253064005e-02,8.031567054789245930e-04
8.999340534210205078e-01,-3.494825149146454230e-02,-6.009994831673785148e-02,8.016587741034308934e-04
9.198420047760009766e-01,-3.485646618877161207e-02,-6.016733574225614084e-02,7.953621772400776280e-04
9.398097991943360485e-01,-3.485565125526685071e-02,-6.011585995126048076e-02,8.005670580133461556e-04
9.600129127502440296e-01,-3.487379389732665758e-02,-6.010672497815439108e-02,8.008585346140906225e-04
9.800655841827391468e-01,-3.488116839231353294e-02,-6.004047954847920032e-02,8.070829954850422538e-04
9.999251365661619984e-01,-3.494870663785470954e-02,-6.003731308455214494e-02,8.063213110633959957e-04
1.019828557968139648e+00,-3.505267716470324146e-02,-6.009272300693316304e-02,7.994710688302708590e-04
1.039928674697875977e+00,-3.513774142839728998e-02,-6.016311321189659472e-02,7.907804159795750465e-04
1.059924125671386719e+00,-3.513581150865217190e-02,-6.014120785730626972e-02,7.920995372677763768e-04
1.079855442047119141e+00,-3.509882656682906943e-02,-6.023679270432497762e-02,7.802137713087686777e-04
1.099831342697143555e+00,-3.503949824491475740e-02,-6.019908466890775550e-02,7.817198254874702101e-04
1.119843721389770508e+00,-3.495662563307865706e-02,-6.012241379282811521e-02,7.879425844385945510e-04
1.139835119247436301e+00,-3.489354985526130909e-02,-6.020359345749088514e-02,7.775007330249605886e-04
1.159849882125854492e+00,-3.480713975298527219e-02,-6.010493012753177766e-02,7.860616392546537767e-04
1.179921865463256836e+00,-3.481824852372291529e-02,-6.011794985814138820e-02,7.830121051537464183e-04
1.199849843978881836e+00,-3.489216284251164119e-02,-6.008088407932746927e-02,7.857328930331863859e-04
1.219824552536010742e+00,-3.492598474773288275e-02,-6.002698141599344811e-02,7.906212421793235023e-04
1.239840269088745117e+00,-3.486289680255596352e-02,-6.000962182532278838e-02,7.922666375362874547e-04
1.259954690933227539e+00,-3.496995161148099690e-02,-5.998477211470877590e-02,7.951544441867630653e-04
1.279844284057617188e+00,-3.500400765089057425e-02,-6.000535002923554351e-02,7.934254408178409435e-04
1.299961328506469505e+00,-3.492487229613792932e-02,-6.000586329570458538e-02,7.949581980475350917e-04
1.319806098937988503e+00,-3.501980488922750573e-02,-6.004896191867478000e-02,7.931027990921712956e-04
1.339779138565063699e+00,-3.507676735942018287e-02,-6.000335396286879397e-02,7.995117352302960612e-04
1.359772205352783203e+00,-3.517039485047587094e-02,-6.005703990638210088e-02,7.971489448689306201e-04
1.379829406738281250e+00,-3.526952793315725476e-02,-5.999205692854069072e-02,8.054365707431676569e-04
1.399792194366455078e+00,-3.523215437011641832e-02,-6.009002434121257091e-02,7.979371673848545399e-04
1.419996738433837891e+00,-3.521101916299714668e-02,-6.014594711418193296e-02,7.939984928819754373e-04
1.439975738525390625e+00,-3.531220034736212016e-02,-6.018697901108290005e-02,7.922315349015995878e-04
1.459774017333984375e+00,-3.542693835169457434e-02,-6.018469979229685435e-02,7.933023599543398419e-04
1.479841232299804910e+00,-3.550741776547364920e-02,-6.028674797129175006e-02,7.826959812305966935e-04
1.500037193298339844e+00,-3.553714904417810960e-02,-6.028994720004058477e-02,7.823818809764571114e-04
1.524936437606811523e+00,-3.553775292861923590e-02,-6.031019687763992249e-02,7.802976846272846601e-04
1.539827346801757812e+00,-3.559561574022085395e-02,-6.036783118631984524e-02,7.724639646743414190e-04
1.559998035430908203e+00,-3.573042942680699358e-02,-6.048713071340074132e-02,7.592130909750416379e-04
1.579919815063476562e+00,-3.588319160372750727e-02,-6.041331252466317081e-02,7.647905891013939694e-04
1.599910259246826172e+00,-3.589010526445941124e-02,-6.041095047404154011e-02,7.631118405880821243e-04
1.619796991348266602e+00,-3.595450879255718962e-02,-6.040186697409684335e-02,7.617253863935191660e-04
1.639805793762207031e+00,-3.591602907356376134e-02,-6.031389216625073629e-02,7.681146531711702252e-04
1.659842967987060325e+00,-3.593852096699588078e-02,-6.037941799154816769e-02,7.594508691478596418e-04
1.679828405380249023e+00,-3.588930090840457277e-02,-6.030974566553900379e-02,7.647161372661415157e-04
1.699836015701293945e+00,-3.585706252256197490e-02,-6.024262277626635936e-02,7.698996712246497509e-04
1.719945192337035911e+00,-3.586448783880599733e-02,-6.014002533470244605e-02,7.797361463408591931e-04
1.739943504333496094e+00,-3.583034178918857726e-02,-6.008337196962896393e-02,7.851279636519326033e-04
1.759862184524535911e+00,-3.583748189990034611e-02,-6.007120435437460215e-02,7.858550288558641128e-04
1.779976129531860352e+00,-3.589253425188993624e-02,-6.014078882330903264e-02,7.788103957492298335e-04
1.799863576889038086e+00,-3.584139709268851365e-02,-6.011020024319217031e-02,7.816931058327591941e-04
1.819843769073486328e+00,-3.580536421109872108e-02,-6.025319959381270768e-02,7.668783375595067398e-04
1.840065479278564453e+00,-3.569846855279978221e-02,-6.024661254714917119e-02,7.671289321738994360e-04
1.859954833984375000e+00,-3.566119308540413591e-02,-6.024209376652089193e-02,7.673181561187458755e-04
1.879842281341552734e+00,-3.553798153164656332e-02,-6.026003858409360175e-02,7.650613564702535285e-04
1.899920940399169922e+00,-3.556033260111578220e-02,-6.032075863481644457e-02,7.589075761921248997e-04
1.919866800308227539e+00,-3.545031961308203750e-02,-6.024213756834449762e-02,7.668128403077734134e-04
1.939957141876220703e+00,-3.542267389283992873e-02,-6.020885719168342365e-02,7.703081947566525756e-04
1.959973812103271706e+00,-3.532197789748817152e-02,-6.021621992521724448e-02,7.701055740423345952e-04
1.980125427246093528e+00,-3.531477226621664717e-02,-6.012447346236240303e-02,7.798961451823682722e-04
1.999997138977050781e+00,-3.540028406756583201e-02,-6.018532426340576780e-02,7.747079412182555913e-04
2.019856452941894531e+00,-3.538879850063531701e-02,-6.023157730416311278e-02,7.716118651946990425e-04
2.039847373962402344e+00,-3.540887343506919638e-02,-6.012094337108288972e-02,7.836683688113854629e-04
2.059900760650634766e+00,-3.531436030459062653e-02,-6.016959672680328997e-02,7.801655856586320326e-04
2.079977035522460938e+00,-3.536790389956206287e-02,-6.020639043499022292e-02,7.774869369342463088e-04
2.099805116653442383e+00,-3.540689314233858020e-02,-6.025964259284485175e-02,7.736241272457977658e-04
2.119839906692504883e+00,-3.547183670028965924e-02,-6.030750021514395126e-02,7.689703064717168246e-04
2.139851808547973633e+00,-3.546666349077395863e-02,-6.031291992451801032e-02,7.682036742222564385e-04
2.159777402877808061e+00,-3.547582039723744946e-02,-6.037491986407220873e-02,7.627532343286169692e-04
2.179916143417358398e+00,-3.538331271684658219e-02,-6.038432727829488866e-02,7.620520925746276930e-04
2.199868917465209961e+00,-3.526604585663013769e-02,-6.037036417026617197e-02,7.623037889304962178e-04
2.219938039779663086e+00,-3.523734674281769896e-02,-6.035572003450372786e-02,7.624641582688607144e-04
2.239875078201293945e+00,-3.521861680134233397e-02,-6.044445760108738130e-02,7.523503206927628639e-04
2.259893178939819780e+00,-3.518921709236692841e-02,-6.033531680244288986e-02,7.625060041126507926e-04
2.279849290847778320e+00,-3.515055406955308603e-02,-6.036797460816293454e-02,7.580848831147957156e-04
2.299837827682495117e+00,-3.521328817674101996e-02,-6.030564651101114060e-02,7.636489031049853438e-04
2.319914817810058594e+00,-3.518840458413205474e-02,-6.037609852753936940e-02,7.559636913897493926e-04
2.339866161346435547e+00,-3.526131411309119112e-02,-6.034977504654743391e-02,7.587428878067514759e-04
2.359822988510131836e+00,-3.526734772865735418e-02,-6.035940983788830316e-02,7.572423092713220782e-04
2.379905223846435547e+00,-3.523113904524113188e-02,-6.031288501712184225e-02,7.619645017504783624e-04
2.399810791015625000e+00,-3.525240375633875017e-02,-6.034734177968725105e-02,7.581508364554734314e-04
2.419767379760742188e+00,-3.529946915888548808e-02,-6.033831575643416184e-02,7.588342093720612525e-04
2.439864397048950195e+00,-3.528826388558725657e-02,-6.034008140919761010e-02,7.594126367657105803e-04
2.459899425506591797e+00,-3.531103167206209315e-02,-6.033804268273397498e-02,7.597982083121790353e-04
2.479853153228760210e+00,-3.517252407984194224e-02,-6.039177331581323249e-02,7.551145649334900511e-04
2.499869108200072798e+00,-3.521573175855317178e-02,-6.035851678171593598e-02,7.583705367215642923e-04
2.519918680191040039e+00,-3.508670393922900393e-02,-6.042755599006852801e-02,7.518826279979684557e-04
2.539955139160155806e+00,-3.507114976588038280e-02,-6.043751694773307620e-02,7.518162949187168209e-04
2.559923171997070312e+00,-3.507552063621745264e-02,-6.040390896362288209e-02,7.559259722345057497e-04
2.579805850982666016e+00,-3.506961738644759352e-02,-6.046843290186409287e-02,7.499108360207173973e-04
2.599841356277465820e+00,-3.502495165409752476e-02,-6.040681814647784476e-02,7.572604948151706594e-04
2.619813919067382812e+00,-3.509867358021388772e-02,-6.038723852231989153e-02,7.597765607526563159e-04
2.639848232269287109e+00,-3.514517941948848423e-02,-6.049907763193734106e-02,7.487193740045583468e-04
2.659839153289794922e+00,-3.519527036176509083e-02,-6.048428197213410323e-02,7.502051226749850699e-04
2.679820775985717773e+00,-3.527230317609313104e-02,-6.051272173543077726e-02,7.496522714862674519e-04
2.699938297271728516e+00,-3.529956246988744800e-02,-6.056393248503257054e-02,7.446109805677725291e-04
2.719843387603760210e+00,-3.532514876519000230e-02,-6.050715536121255983e-02,7.518918065199109435e-04
2.739955902099609375e+00,-3.536370871008781558e-02,-6.049560231432929425e-02,7.526699299391648168e-04
2.759865999221801758e+00,-3.541727969744057347e-02,-6.051693071228770454e-02,7.494277218577094501e-04
2.779931306838989258e+00,-3.538572836950857475e-02,-6.059724469481767017e-02,7.408992266775271673e-04
2.799889087677001953e+00,-3.537839433944610368e-02,-6.067691408152536131e-02,7.332003179094659373e-04
2.819984674453735796e+00,-3.537348406096861575e-02,-6.068678133794275231e-02,7.316059825823728602e-04
2.840046405792236328e+00,-3.541017954737379902e-02,-6.068446715398967406e-02,7.302383206655438386e-04
2.859888792037963867e+00,-3.536558797084278505e-02,-6.077172124863582103e-02,7.195248341010929138e-04
2.879854679107666016e+00,-3.541393769622411258e-02,-6.082510302269622526e-02,7.134399084096632038e-04
2.899853706359863725e+00,-3.544262568898776111e-02,-6.066885572001859406e-02,7.292546057268145532e-04
2.919910430908203125e+00,-3.555392399738738218e-02,-6.064347320614774106e-02,7.312205271622351788e-04
2.939990520477294922e+00,-3.555949904081674023e-02,-6.068368786052938391e-02,7.278087781495967690e-04
2.959864854812622070e+00,-3.559780260318170381e-02,-6.059616204712829635e-02,7.379430792434638064e-04
2.980127811431884766e+00,-3.561581574367680969e-02,-6.050493507129198895e-02,7.493559641609248700e-04
2.999858379364013672e+00,-3.556434318250643184e-02,-6.051577283221199616e-02,7.495481489526722996e-04
3.019814014434814453e+00,-3.546421031701147558e-02,-6.051333848821345562e-02,7.511393106536257136e-04
3.039850473403930664e+00,-3.545304952338778487e-02,-6.055811594908332846e-02,7.472332923519342529e-04
3.059817075729370117e+00,-3.552771615159686092e-02,-6.066317637680414959e-02,7.374610713768436909e-04
3.079835176467895508e+00,-3.572949461074132610e-02,-6.066598644533858359e-02,7.384217205694820763e-04
3.100016355514526367e+00,-3.576914962034283968e-02,-6.076364775870683049e-02,7.296312301442453574e-04
3.119998931884765625e+00,-3.575540125441391964e-02,-6.086518233807100553e-02,7.186790948991994554e-04
3.139810085296630859e+00,-3.580465573460178685e-02,-6.098539394675048242e-02,7.050791713754112067e-04
3.159981966018676758e+00,-3.578641453450348564e-02,-6.097813531301942563e-02,7.028189567568343676e-04
3.180022239685058594e+00,-3.577030812690693701e-02,-6.099891605775871473e-02,6.978300108888557673e-04
3.199844598770141602e+00,-3.571907354862963180e-02,-6.096212414627718429e-02,6.979448047027547730e-04
3.219808816909790039e+00,-3.564156770295977272e-02,-6.094029209985098866e-02,6.974863237806383509e-04
3.239946603775024414e+00,-3.559467570927538765e-02,-6.093907871806378967e-02,6.927181282361249970e-04
3.259959697723388672e+00,-3.559428509362267540e-02,-6.090247573061254027e-02,6.939064684838847086e-04
3.279848814010620117e+00,-3.560161785019108627e-02,-6.083123409461206610e-02,6.975468798177120178e-04
3.299905061721801758e+00,-3.547788654474362535e-02,-6.074785404437359204e-02,7.034090129497405641e-04
3.319838762283325195e+00,-3.544869093523308340e-02,-6.071198371988528047e-02,7.059904852978471368e-04
3.339850664138793945e+00,-3.550705282573570626e-02,-6.065591507142861077e-02,7.103393134146873678e-04
3.359959602355957031e+00,-3.548828590504360392e-02,-6.053115069616534644e-02,7.230236005918433406e-04
3.379933834075928178e+00,-3.552068515862727427e-02,-6.052480607095804543e-02,7.252385443187181480e-04
3.399928331375122070e+00,-3.552801072388394460e-02,-6.056582152948522535e-02,7.222066966374729446e-04
3.419829607009888139e+00,-3.558544078818082212e-02,-6.058070537492932228e-02,7.215484165209451461e-04
3.439803600311279741e+00,-3.560742268443578551e-02,-6.061571694291698065e-02,7.195172712025632578e-04
3.459848642349243164e+00,-3.559340961772129025e-02,-6.066216653401904080e-02,7.159936210302531023e-04
3.479835987091064453e+00,-3.565590280601897005e-02,-6.072374916521845745e-02,7.110766532797407891e-04
3.499819040298461914e+00,-3.562706490386638447e-02,-6.069559985080835718e-02,7.142972319797991076e-04
3.519963979721069336e+00,-3.563813891201297185e-02,-6.073149216659925326e-02,7.117593217270679062e-04
3.539938449859619141e+00,-3.562696197557071315e-02,-6.075584907217477376e-02,7.109636701904120670e-04
3.559851408004760742e+00,-3.565923245518476392e-02,-6.076219878388136597e-02,7.112791785003347300e-04
3.579829931259155718e+00,-3.571225142927943880e-02,-6.085305396445769843e-02,7.031870996294653509e-04
3.599845409393310547e+00,-3.574459798242143882e-02,-6.089660073517747657e-02,7.000739158153912456e-04
3.619950771331787109e+00,-3.568180227266284227e-02,-6.084037423660214328e-02,7.055742127103359351e-04
3.640039443969727007e+00,-3.566178897568690609e-02,-6.081398921226080501e-02,7.083272670511675528e-04
3.659971714019775835e+00,-3.564842028133683588e-02,-6.084060860602240328e-02,7.053593475853103811e-04
3.680081129074096680e+00,-3.559048077858333048e-02,-6.083754835737861105e-02,7.061525932786638649e-04
3.699870586395264116e+00,-3.570901348226028504e-02,-6.094347485157625144e-02,6.941200050386564513e-04
3.720029830932617188e+00,-3.575816191371318509e-02,-6.087311509040619489e-02,7.005453740908107463e-04
3.739835500717163086e+00,-3.580744476085288841e-02,-6.089458214374526140e-02,6.977350534028703422e-04
3.759891748428344727e+00,-3.588481125218837692e-02,-6.091641209369847570e-02,6.948032886195942837e-04
3.779955148696899414e+00,-3.586862172925155134e-02,-6.089117081665355175e-02,6.958090981362685667e-04
3.800027370452880859e+00,-3.599882670963942821e-02,-6.091363850795088880e-02,6.926170759433691870e-04
3.819877862930297852e+00,-3.597707247177340389e-02,-6.091329584241798184e-02,6.913783291313535528e-04
3.839980602264403853e+00,-3.587501697466709272e-02,-6.088390713089593398e-02,6.924717341099118073e-04
3.859881401062012163e+00,-3.583006984645667470e-02,-6.088526848320102713e-02,6.904498240500878126e-04
3.880105733871459961e+00,-3.577884047833339298e-02,-6.086223190272691680e-02,6.909954107607862994e-04
3.899828195571899414e+00,-3.585945811507416925e-02,-6.082430134165866392e-02,6.936988380165098889e-04
3.919901609420775923e+00,-3.584069999310538629e-02,-6.081994063489913616e-02,6.932170159642536689e-04
3.939814567565917969e+00,-3.579635615079952704e-02,-6.075966373258136904e-02,6.985017437441953803e-04
3.959873676300048828e+00,-3.580673145434543764e-02,-6.083926141840139551e-02,6.902569895550492163e-04
3.979977846145629883e+00,-3.581895777911048989e-02,-6.076561835002809026e-02,6.973657707926017579e-04
3.999992609024047852e+00,-3.571993835944958090e-02,-6.077684538736469189e-02,6.961586911258255128e-04
4.019884824752807617e+00,-3.577799383684108353e-02,-6.074473720654310210e-02,6.989857894040829578e-04
4.040106773376464844e+00,-3.577545420587319169e-02,-6.070841844460065501e-02,7.035609997617653377e-04
4.059808731079101562e+00,-3.582740342903526637e-02,-6.066466657916629729e-02,7.089886830166092224e-04
4.079866647720336914e+00,-3.577128245280607882e-02,-6.068219510618597795e-02,7.078632830999076475e-04
4.099884986877441406e+00,-3.572769659036405254e-02,-6.072954998461387727e-02,7.033280984689582738e-04
4.119933128356933594e+00,-3.577173792383735174e-02,-6.068628633360451802e-02,7.079387667402459172e-04
4.139807701110839844e+00,-3.576501259385941878e-02,-6.071871604400376488e-02,7.053521231288328863e-04
4.159819126129150391e+00,-3.572733733169383696e-02,-6.081215988912545140e-02,6.966198428892678152e-04
4.179975271224975586e+00,-3.572012725388019200e-02,-6.078650101457309246e-02,6.982334369659559670e-04
4.199860095977783203e+00,-3.580147052969814142e-02,-6.083067354958257567e-02,6.935289919612896981e-04
4.219950675964356357e+00,-3.582439904106538009e-02,-6.093016763260552388e-02,6.823263639297305616e-04
4.239951372146606445e+00,-3.579895603329720510e-02,-6.094523164704966633e-02,6.798193362212989754e-04
4.259790420532226562e+00,-3.581660139472275795e-02,-6.086486360203802876e-02,6.870495816243549214e-04
4.279871940612792969e+00,-3.566622569365509449e-02,-6.079210286437740363e-02,6.940866017667302046e-04
4.299826145172119141e+00,-3.563357002725998923e-02,-6.079581086301563686e-02,6.924431501348360385e-04
4.319854736328125000e+00,-3.575840558862532909e-02,-6.078758077381612307e-02,6.919211517996126659e-04
4.339796781539916992e+00,-3.576811982695270176e-02,-6.069897565363649439e-02,6.995573642729624453e-04
4.359979629516601562e+00,-3.576240550474488883e-02,-6.066502146166032061e-02,7.022322314532702947e-04
4.379982948303222656e+00,-3.575476953176810746e-02,-6.068894916545260892e-02,6.991543287699908404e-04
4.399953603744506836e+00,-3.579727608208142092e-02,-6.070673294775787848e-02,6.974404778120613102e-04
4.419854640960693359e+00,-3.596387683803804747e-02,-6.074483752711681839e-02,6.929167271961800267e-04
4.439877748489379883e+00,-3.602583185837273522e-02,-6.074729338564570369e-02,6.922671704798766257e-04
4.459815502166748047e+00,-3.612576025693824827e-02,-6.074319829435624596e-02,6.925493292015971747e-04
4.479879617691040039e+00,-3.626620927324282484e-02,-6.063675075744898169e-02,7.033364132604802421e-04
4.499804973602294922e+00,-3.637555432540331285e-02,-6.069991919896131072e-02,6.973505491302267600e-04
4.519820451736450195e+00,-3.647046152761050652e-02,-6.067405342599809653e-02,6.998357102351304704e-04
4.539857149124145508e+00,-3.657250070891160387e-02,-6.068668044333825479e-02,6.985471890332828337e-04
4.559877157211303711e+00,-3.659074535181598697e-02,-6.067871355875412848e-02,6.998779100615415416e-04
4.579849004745483398e+00,-3.667229322239740075e-02,-6.066852616725763175e-02,7.019058851488457762e-04
4.599902629852294922e+00,-3.676438376606825514e-02,-6.070668919105044053e-02,6.987506981055435773e-04
4.619818925857543945e+00,-3.665437195564685141e-02,-6.062624499814859430e-02,7.076851813023754545e-04
4.639808893203735352e+00,-3.661642329439259574e-02,-6.066729501382884387e-02,7.045186405330028379e-04
4.659848690032958984e+00,-3.659605287939509538e-02,-6.067282911437914261e-02,7.054298368804889918e-04
4.679863929748535156e+00,-3.651946442151626088e-02,-6.072389697634845984e-02,7.013385289430518199e-04
4.699851512908936435e+00,-3.652394494485172727e-02,-6.077481217088327725e-02,6.968886871259183380e-04
4.720022201538085938e+00,-3.653310370232462634e-02,-6.079811064596464532e-02,6.946526483850856692e-04
4.739961624145507812e+00,-3.655027063831917805e-02,-6.079244084298648931e-02,6.959824805023995253e-04
4.759958505630493164e+00,-3.658652832979435859e-02,-6.075343966114390981e-02,7.006042388614242000e-04
4.779860734939575195e+00,-3.659816416493585217e-02,-6.082729217297726948e-02,6.932720162561301080e-04
4.799847841262817383e+00,-3.656449241271401973e-02,-6.084814590074753837e-02,6.908699153727049236e-04
4.819900512695312500e+00,-3.658713586239605714e-02,-6.081411968909573862e-02,6.939512936469105497e-04
4.839969396591186523e+00,-3.664602489609328217e-02,-6.072963163880182313e-02,7.027388197329287323e-04
4.859854936599731445e+00,-3.660647903375312262e-02,-6.066450838891365716e-02,7.093592647248181393e-04
4.880017518997192383e+00,-3.659616350310227612e-02,-6.079568892213460529e-02,6.953546712270552987e-04
4.899911642074584961e+00,-3.659187677979361397e-02,-6.082155196006040765e-02,6.918809990412722044e-04
4.919862747192382812e+00,-3.655915365788955235e-02,-6.079157255250965119e-02,6.947547292690536835e-04
4.939861774444580078e+00,-3.653498830095101152e-02,-6.083393087370941171e-02,6.901399689597242926e-04
4.959896087646484375e+00,-3.650126663716285469e-02,-6.079320708971955312e-02,6.926064818342236862e-04
4.980069160461425781e+00,-3.646599164170481744e-02,-6.074842527616981097e-02,6.958336246232210698e-04
4.999900817871093750e+00,-3.648111656198085168e-02,-6.084473904572165748e-02,6.844500254035157383e-04
5.019924402236938477e+00,-3.650681057442582700e-02,-6.083823413461853652e-02,6.834727584331679040e-04
5.039856910705566406e+00,-3.651184462998129793e-02,-6.081862742977693637e-02,6.829331672729699321e-04
5.059843540191650391e+00,-3.644652814465147717e-02,-6.077933027654540410e-02,6.866011838917440713e-04
5.079966545104980469e+00,-3.644656276446314042e-02,-6.073409750875524704e-02,6.902920325410066837e-04
5.099853515625000000e+00,-3.642730749285643527e-02,-6.066871152360593655e-02,6.965279609864039045e-04
5.119958877563476562e+00,-3.645127621320017747e-02,-6.066807826497231521e-02,6.958458013238688622e-04
5.140179634094238281e+00,-3.653530327482590323e-02,-6.070248919283382366e-02,6.915756480722068389e-04
5.159871339797973633e+00,-3.650492640810574368e-02,-6.068339374487943805e-02,6.939987853685769537e-04
5.179951906204223633e+00,-3.656785305970287892e-02,-6.069012736741913328e-02,6.934662295409177446e-04
5.199864864349365234e+00,-3.661777109525050922e-02,-6.068473573047239444e-02,6.941649884553147132e-04
5.219952821731567383e+00,-3.663356002827100610e-02,-6.072116542269988954e-02,6.913122569726093403e-04
5.240024328231812412e+00,-3.665986157473669071e-02,-6.073498537752412829e-02,6.903752751462599591e-04
5.259967803955078125e+00,-3.671892059107920159e-02,-6.069635593645397731e-02,6.956635178232417616e-04
5.279862642288208008e+00,-3.670850920345711949e-02,-6.069188847431516987e-02,6.976562177205547499e-04
5.299905538558959961e+00,-3.671971029248202040e-02,-6.067166615971577442e-02,7.013382527066847061e-04
5.319926261901856357e+00,-3.681822129298308044e-02,-6.067344590696720219e-02,7.032666712609714210e-04
5.340080499649047852e+00,-3.689324477395491964e-02,-6.071719630083190211e-02,7.010750174937241397e-04
5.359919786453247070e+00,-3.692576984706157778e-02,-6.078157949520505976e-02,6.966648778581330248e-04
5.379949808120728427e+00,-3.703380417299260985e-02,-6.073352226725230868e-02,7.038024739525194917e-04
5.399849176406860352e+00,-3.706753461485141204e-02,-6.077351791778445866e-02,7.015641013370377266e-04
5.419852256774902344e+00,-3.706641900374413323e-02,-6.082600919054361593e-02,6.971688024769440162e-04
5.439884662628173828e+00,-3.713753719372904494e-02,-6.083408203020256727e-02,6.972247784792218184e-04
5.459982395172119141e+00,-3.713185232634874655e-02,-6.093276034241695144e-02,6.875807812022349808e-04
5.479862451553344727e+00,-3.714907494377005931e-02,-6.095336239566098019e-02,6.853946070780603250e-04
5.499959468841552734e+00,-3.712605161444736818e-02,-6.103223194364178206e-02,6.770849326617200958e-04
5.519840955734252930e+00,-3.716992270682462074e-02,-6.108608654135989913e-02,6.705040472306800226e-04
5.539798498153687412e+00,-3.721461890826029129e-02,-6.111022220835671259e-02,6.670287536547636620e-04
5.559846401214599609e+00,-3.723840482789613632e-02,-6.101842128229727213e-02,6.747660460514337544e-04
5.579856872558593750e+00,-3.736287200427171329e-02,-6.095253584659598295e-02,6.806545776490979804e-04
5.599941492080688477e+00,-3.738441156584268454e-02,-6.092999689188283163e-02,6.814375784220949583e-04
5.619826316833496094e+00,-3.740404062013896053e-02,-6.093041156848595652e-02,6.809266559503202032e-04
5.639933109283447266e+00,-3.745377652147388603e-02,-6.089171704480215996e-02,6.840299935102489570e-04
5.659844875335693359e+00,-3.739067665756105191e-02,-6.090353838446555673e-02,6.821501122491469005e-04
5.679824113845825195e+00,-3.734049470887863820e-02,-6.095222037175368479e-02,6.768529359966191095e-04
5.699954986572265625e+00,-3.733520408331932050e-02,-6.093606147796558348e-02,6.786152872604311881e-04
5.719842433929443359e+00,-3.734655626447888621e-02,-6.089695722132461297e-02,6.823925300334376942e-04
5.739808320999145508e+00,-3.739919249800448958e-02,-6.089252510849098993e-02,6.830057614586326764e-04
5.759831190109252930e+00,-3.738062490613391908e-02,-6.092074481951533643e-02,6.803460779506442790e-04
5.779934644699096680e+00,-3.740600579074156162e-02,-6.092789472440574006e-02,6.798294942562677079e-04
5.799984693527221680e+00,-3.747911632249063124e-02,-6.089753168044460124e-02,6.826914581317122810e-04
5.819845676422119141e+00,-3.735194632708511292e-02,-6.087581236270498547e-02,6.862003486518553075e-04
5.839856624603272373e+00,-3.734947423885095347e-02,-6.088996801497102707e-02,6.851211310209270877e-04
5.859964847564697266e+00,-3.719171555997295014e-02,-6.094597727719527902e-02,6.796835919377075541e-04
5.879945755004882812e+00,-3.716510512515406456e-02,-6.105512200211639373e-02,6.693962013181176118e-04
5.899888992309570312e+00,-3.725940132587235443e-02,-6.105099927051162167e-02,6.688831860586219591e-04
5.919939756393432617e+00,-3.731935872463931075e-02,-6.104295768599293792e-02,6.700151187971625788e-04
5.940209150314331055e+00,-3.731594136832315500e-02,-6.099116135231386071e-02,6.745340778804287396e-04
5.959835529327392578e+00,-3.726829728040157580e-02,-6.093131432047911578e-02,6.785210358335458380e-04
5.979985713958740234e+00,-3.727297992198555510e-02,-6.096416867288226987e-02,6.737356814588979503e-04
5.999995946884155273e+00,-3.725561778407990299e-02,-6.103535092779446836e-02,6.639279859491642455e-04
6.019822120666503906e+00,-3.715404906378931560e-02,-6.103436647265651077e-02,6.616856576742158325e-04
6.039832353591918945e+00,-3.705625968704800294e-02,-6.099052084931162049e-02,6.640073971093674032e-04
6.059856891632080078e+00,-3.698898866311191302e-02,-6.107180191699446148e-02,6.532635350622317816e-04
6.079926013946533203e+00,-3.700791410485283067e-02,-6.095845118279615699e-02,6.625597176530551025e-04
6.099844455718994141e+00,-3.693089585271702724e-02,-6.091265685783386896e-02,6.653292827557555356e-04
6.119828224182128906e+00,-3.694588038601366586e-02,-6.086084864982364839e-02,6.689547545479790358e-04
6.139835596084594727e+00,-3.691701437984613171e-02,-6.082152036262727240e-02,6.711697080546974448e-04
6.159844160079956055e+00,-3.678645265396023045e-02,-6.069001758456717827e-02,6.842956840836800225e-04
6.179859876632690430e+00,-3.668995134509363959e-02,-6.072587476943767937e-02,6.796105212256708938e-04
6.199990510940551758e+00,-3.669974245689701375e-02,-6.071285923818043467e-02,6.792880151711422343e-04
6.219864606857299805e+00,-3.667442503998663561e-02,-6.073051460546657898e-02,6.763975170318570207e-04
6.240005970001220703e+00,-3.671043049834437494e-02,-6.071306497827751170e-02,6.767155270911429099e-04
6.259825468063354492e+00,-3.672619777730164875e-02,-6.072158125403509521e-02,6.744647438509110415e-04
6.279917478561401367e+00,-3.677933691189213400e-02,-6.075203076269929114e-02,6.690673095217647415e-04
6.299842596054077148e+00,-3.673405844924459984e-02,-6.068738404889881949e-02,6.730881003345068336e-04
6.319830894470214844e+00,-3.673081731128610000e-02,-6.071263748231796320e-02,6.705775684487935706e-04
6.339941501617431641e+00,-3.677975722022230887e-02,-6.065526189311100380e-02,6.744939237127711706e-04
6.359833002090454102e+00,-3.674813724557671191e-02,-6.065562499608610075e-02,6.738607116536510233e-04
6.379828214645385742e+00,-3.677577953892387230e-02,-6.056704180772227997e-02,6.820737821834343961e-04
6.399923801422119141e+00,-3.679705299104921862e-02,-6.043041749836382259e-02,6.965204402158420294e-04
6.419785499572753906e+00,-3.674662522919170532e-02,-6.039603864355296697e-02,6.996490916157949158e-04
6.439813852310180664e+00,-3.688064861905826497e-02,-6.046234322189645433e-02,6.915944055572165183e-04
6.459933996200561523e+00,-3.678282433697508541e-02,-6.055462977228449895e-02,6.831229409279826470e-04
6.479843139648437500e+00,-3.676535257125327499e-02,-6.058892385997418500e-02,6.797190471866665362e-04
6.500072479248046875e+00,-3.673895266676868721e-02,-6.059062567264086874e-02,6.785649403494575793e-04
6.519834995269775391e+00,-3.673093670368954983e-02,-6.052304357040599186e-02,6.859472406376410092e-04
6.539821386337280273e+00,-3.680631123702917534e-02,-6.037427499915099666e-02,7.005631591049388263e-04
6.559847116470336914e+00,-3.676679316850059442e-02,-6.040129908946771653e-02,7.000665885864565396e-04
6.579832792282104492e+00,-3.664468725444797875e-02,-6.041699946267262838e-02,6.989431793061884335e-04
6.599845409393311435e+00,-3.669834840234424689e-02,-6.045165866898386670e-02,6.960581630190976199e-04
6.619777917861938477e+00,-3.665230618533831669e-02,-6.043689947605279666e-02,6.995870620993827060e-04
6.639959812164306641e+00,-3.660756862939396061e-02,-6.029880891513030722e-02,7.149816669065334196e-04
6.659850835800170898e+00,-3.654860032094316147e-02,-6.030123794215015015e-02,7.170187134746264235e-04
6.679991722106933594e+00,-3.648103880072124661e-02,-6.034515681255075287e-02,7.148532054465084329e-04
6.699926137924194336e+00,-3.648413110251864933e-02,-6.045717602939217755e-02,7.049256541790116515e-04
6.719959259033203125e+00,-3.641452031537883299e-02,-6.052794490137347605e-02,6.992506497716100000e-04
6.739813089370728427e+00,-3.638723076129390249e-02,-6.051852749705165929e-02,7.013365735059062800e-04
6.759844779968261719e+00,-3.645599190612113655e-02,-6.048507854831802755e-02,7.054867821705279596e-04
6.779841899871826172e+00,-3.633065252431740000e-02,-6.050812147560561544e-02,7.037126889990474865e-04
6.799826383590698242e+00,-3.621730266871243248e-02,-6.049845879740235743e-02,7.047137371836154074e-04
6.819866180419921875e+00,-3.618818633951920855e-02,-6.058730460595423972e-02,6.950029911872990240e-04
6.839873075485229492e+00,-3.618831377976747948e-02,-6.055275895742803088e-02,6.970740600042990565e-04
6.859869003295898438e+00,-3.629715723489770202e-02,-6.059269870023680643e-02,6.922234664982207519e-04
6.879945993423461914e+00,-3.630040694616868541e-02,-6.063746231529469621e-02,6.855843293360752710e-04
6.899999618530273438e+00,-3.630460963051491269e-02,-6.053299578214683258e-02,6.960769584554160616e-04
6.919975996017456055e+00,-3.647941923343712978e-02,-6.043030359740760721e-02,7.054536346580153605e-04
6.939878702163696289e+00,-3.648108674881632429e-02,-6.031202592181900829e-02,7.157804167183812183e-04
6.959932088851928711e+00,-3.642305070854574139e-02,-6.036244935213989221e-02,7.103122529409366948e-04
6.979881525039672852e+00,-3.651426400609730782e-02,-6.038078204303008734e-02,7.076773832683791454e-04
7.000023126602172852e+00,-3.658945253445418377e-02,-6.039477875300120618e-02,7.055573337192422301e-04
7.019819974899291992e+00,-3.658423211293797966e-02,-6.034109131341838794e-02,7.108801903239481135e-04
7.039874315261840820e+00,-3.666305473557975730e-02,-6.026517748629940663e-02,7.182578788649252033e-04
7.059952020645141602e+00,-3.657147925744416023e-02,-6.028250968999690484e-02,7.146262125045099722e-04
7.079876184463500977e+00,-3.661208009820735021e-02,-6.027450074718644635e-02,7.152494740066961398e-04
7.099937200546264648e+00,-3.661907770888087055e-02,-6.033583237077781714e-02,7.077560393596860067e-04
7.119865179061889648e+00,-3.658637192432143831e-02,-6.031995429038385093e-02,7.085922695575508357e-04
7.139952898025512695e+00,-3.648797397056131181e-02,-6.035874051419652664e-02,7.024497664718243328e-04
7.159862995147705078e+00,-3.648871251725859660e-02,-6.032219943765531472e-02,7.060465897500423083e-04
7.179868459701538086e+00,-3.641446522165094069e-02,-6.022599590092189703e-02,7.138798883784547300e-04
7.199985980987548828e+00,-3.634075140857840475e-02,-6.020459175436221333e-02,7.142104190953624254e-04
7.219882965087890625e+00,-3.632569002730724750e-02,-6.021968204892487464e-02,7.126173563865023652e-04
7.239813327789306641e+00,-3.645362573096521536e-02,-6.017687597968906371e-02,7.159540181613799348e-04
7.259879350662230557e+00,-3.644069774136547701e-02,-6.009148084749309227e-02,7.233211329480404572e-04
7.279839515686035156e+00,-3.651611586260155445e-02,-6.005781901182440791e-02,7.276684379879938547e-04
7.299962043762207031e+00,-3.652981996632850142e-02,-6.005101317409242828e-02,7.290257592325044556e-04
7.319854736328125000e+00,-3.665282872864586428e-02,-5.999789510844512341e-02,7.356582376348841379e-04
7.339800596237182617e+00,-3.679179459661244961e-02,-6.007821973229887647e-02,7.282910321229074668e-04
7.359953403472900391e+00,-3.691819978535507141e-02,-6.008634226408879342e-02,7.282316042253045296e-04
7.380202770233154297e+00,-3.685499839084848545e-02,-6.006810106741006933e-02,7.314070671204930818e-04
7.399985074996948242e+00,-3.683866916656577256e-02,-6.008644614011993124e-02,7.323948486165354765e-04
7.419847965240478516e+00,-3.681539677040319980e-02,-6.008265849978315642e-02,7.354683032338993343e-04
7.439954757690429688e+00,-3.672139465139183379e-02,-6.011579548696995012e-02,7.335367200298481549e-04
7.459922552108764648e+00,-3.669575580157206224e-02,-6.010685102895736709e-02,7.362940744540802385e-04
7.479958534240722656e+00,-3.662095288716828850e-02,-6.008115851047134831e-02,7.419510384660821245e-04
7.499834537506102627e+00,-3.654599701978907683e-02,-6.007579860922616921e-02,7.435256942537327163e-04
7.519813776016235352e+00,-3.658299011504399789e-02,-6.005153510989125892e-02,7.494348057667243879e-04
7.539936542510986328e+00,-3.655583877883036847e-02,-6.014270306235133812e-02,7.422189279484570079e-04
7.559960842132568359e+00,-3.644059994399769659e-02,-6.022249898467303686e-02,7.371901088073506969e-04
7.579811096191406250e+00,-3.643159488448261679e-02,-6.025361933282200044e-02,7.362042872142149363e-04
7.599828958511351651e+00,-3.649878186964715387e-02,-6.017484775525461238e-02,7.475691299092535047e-04
7.619797229766845703e+00,-3.640163346545385176e-02,-6.036084014663482822e-02,7.306620955509490756e-04
7.639992237091063565e+00,-3.647369383564147416e-02,-6.035393308819894664e-02,7.314305731345172035e-04
7.659790515899658203e+00,-3.644297149112474959e-02,-6.038209492109922888e-02,7.306577610777242882e-04
7.679936885833740234e+00,-3.645420933019313803e-02,-6.044741581538225911e-02,7.241179583358237082e-04
7.699818134307861328e+00,-3.650694728463082378e-02,-6.050549883370735099e-02,7.201561160601333000e-04
7.719827413558959961e+00,-3.657796105355341082e-02,-6.046685262657698623e-02,7.246195732864002537e-04
7.739794731140136719e+00,-3.668063998884141252e-02,-6.051110903874187125e-02,7.205689874661969085e-04
7.759938478469848633e+00,-3.667201649821898862e-02,-6.043762156051388224e-02,7.276248761212134042e-04
7.779839038848876953e+00,-3.658809959497675429e-02,-6.044967316298899274e-02,7.261082085108228057e-04
7.799958705902099609e+00,-3.661075298003225315e-02,-6.048860168699925904e-02,7.235355533894427538e-04
7.819851875305175781e+00,-3.654170383753134466e-02,-6.047832376841092566e-02,7.240635315322041521e-04
7.839839458465576172e+00,-3.649915799263247357e-02,-6.054093818261063742e-02,7.173303736263125785e-04
7.860009908676147461e+00,-3.649855950601387650e-02,-6.048846263981175891e-02,7.229411072444680286e-04
7.879995822906494141e+00,-3.656547820784750158e-02,-6.054143044833178167e-02,7.173037935855886005e-04
7.899998188018798828e+00,-3.656741734419770296e-02,-6.056328371128912730e-02,7.146438563115919962e-04
7.919964313507080078e+00,-3.655757131014291533e-02,-6.055911695722845933e-02,7.146119997060162987e-04
7.939972639083862305e+00,-3.650749952952615784e-02,-6.043963353103794234e-02,7.268333066290377786e-04
7.959911584854125977e+00,-3.647935152497611133e-02,-6.052322469549875628e-02,7.182954501696592331e-04
7.980101585388183594e+00,-3.657962011672361013e-02,-6.055747098397428613e-02,7.148828691059261331e-04
8.000090360641479492e+00,-3.661516690011962227e-02,-6.057262339382410432e-02,7.130251638216567045e-04
8.019851446151733398e+00,-3.660069255839956681e-02,-6.064922841694234817e-02,7.048271934553262952e-04
8.039847850799560547e+00,-3.657625394448665163e-02,-6.072591012721424014e-02,6.966983715100960595e-04
8.059959411621093750e+00,-3.659828227566387648e-02,-6.072965161705343173e-02,6.941318990253408927e-04
8.079970121383666992e+00,-3.664630682237964010e-02,-6.064034028572518054e-02,7.029498412057799683e-04
8.099995851516723633e+00,-3.669833426647860219e-02,-6.060990211510439152e-02,7.046040400198183562e-04
8.119948148727416992e+00,-3.665452075008455990e-02,-6.068272224614759680e-02,6.981011989791729988e-04
8.139792442321777344e+00,-3.663881560385970348e-02,-6.053745686052471042e-02,7.107223161663123179e-04
8.159850120544433594e+00,-3.650854982164530860e-02,-6.066524244584136499e-02,6.980403826124526034e-04
8.179873466491699219e+00,-3.647414588731689306e-02,-6.071261207934369047e-02,6.932582579390889066e-04
8.200148344039916992e+00,-3.651077309396012771e-02,-6.063935436834023973e-02,6.998002158653537919e-04
8.219816684722900391e+00,-3.641434326127915982e-02,-6.064211916043901751e-02,7.001429284254623298e-04
8.239846706390380859e+00,-3.635085564789056894e-02,-6.069782749195139215e-02,6.948053407741516807e-04
8.259800910949707031e+00,-3.637704616617807446e-02,-6.068416870004442187e-02,6.961815087609402042e-04
8.279867887496948242e+00,-3.638293702830978915e-02,-6.065837721136485561e-02,7.005509180860736151e-04
8.299955844879150391e+00,-3.645626052958614305e-02,-6.067758937652419776e-02,6.978919074862588445e-04
8.319839715957641602e+00,-3.652379465343241760e-02,-6.067715445258184404e-02,6.979446167533209788e-04
8.339927196502685547e+00,-3.650752229379553709e-02,-6.073581065187962091e-02,6.931680928604633252e-04
8.359941720962524414e+00,-3.654899248309533000e-02,-6.072071217875896904e-02,6.970791070540771628e-04
8.379938602447509766e+00,-3.666217691904066767e-02,-6.081656875691261732e-02,6.866173353043958372e-04
8.399827718734741211e+00,-3.668240390953772523e-02,-6.083385792957692745e-02,6.845519644542719107e-04
8.419789075851440430e+00,-3.673634972429896256e-02,-6.091128518046067669e-02,6.786662018309908007e-04
8.439924716949462891e+00,-3.664634119051125155e-02,-6.089899615223723361e-02,6.797991833004113360e-04
8.459842681884765625e+00,-3.667223053577993441e-02,-6.088573686472185942e-02,6.830659754907264514e-04
8.479850769042968750e+00,-3.662395534646831208e-02,-6.094768002368347593e-02,6.767984065426668749e-04
8.499835252761840820e+00,-3.654638550543064940e-02,-6.102644118533689238e-02,6.701760109256715836e-04
8.519921541213989258e+00,-3.653096464242113622e-02,-6.104778336370374897e-02,6.695370282172596887e-04
8.539941787719726562e+00,-3.643830917592691399e-02,-6.105091349005899864e-02,6.714019931497450244e-04
8.559834003448486328e+00,-3.647782404620056318e-02,-6.106048130926994277e-02,6.725217562394414372e-04
8.579974651336669922e+00,-3.642439852741524015e-02,-6.102013000045077712e-02,6.780914878740107454e-04
8.599858283996582031e+00,-3.643680277516655325e-02,-6.104781683344435300e-02,6.791391636876698001e-04
8.619975328445434570e+00,-3.645105830598030505e-02,-6.108977866200221429e-02,6.766737026002722644e-04
8.639803409576416016e+00,-3.637525180527601681e-02,-6.111961894342954338e-02,6.766953069115011488e-04
8.659819841384887695e+00,-3.643416312586247874e-02,-6.116147983607470029e-02,6.765754832621651005e-04
8.679809808731079102e+00,-3.650047134270206078e-02,-6.122979504625682134e-02,6.729610579835343387e-04
8.699790000915527344e+00,-3.660938373910006816e-02,-6.125126490591877026e-02,6.722906064766664969e-04
8.719958782196044922e+00,-3.652559357893331998e-02,-6.137390610528208751e-02,6.636968573342505451e-04
8.739835023880004883e+00,-3.653807912887113013e-02,-6.145615452826774100e-02,6.575635284936653946e-04
8.760107755661010742e+00,-3.660018127087374951e-02,-6.154023884178971143e-02,6.501425171532293490e-04
8.779840707778930664e+00,-3.655014419491380701e-02,-6.162629372451323279e-02,6.410121755586750680e-04
8.800007104873657227e+00,-3.653031806901969880e-02,-6.168679324035490630e-02,6.331917165557365834e-04
8.819813251495361328e+00,-3.661518720960156570e-02,-6.176319718392520725e-02,6.250223483750261266e-04
8.839811563491821289e+00,-3.650107817353224343e-02,-6.171053573001548248e-02,6.268693564702720877e-04
8.859965801239013672e+00,-3.644838556966591148e-02,-6.174169915162732586e-02,6.218181945150114132e-04
8.879989862442016602e+00,-3.649971727621371953e-02,-6.169027951358589668e-02,6.239489012827004188e-04
8.899850606918334961e+00,-3.644933571916977172e-02,-6.176824775761952102e-02,6.123118880680955556e-04
8.919813632965087891e+00,-3.639603959415767948e-02,-6.170872418467666931e-02,6.130734617989519464e-04
8.940168619155883789e+00,-3.641747098790167059e-02,-6.172792319707556125e-02,6.055553221891996074e-04
8.959857463836669922e+00,-3.656121957022865493e-02,-6.178784696491442657e-02,5.934887811089861742e-04
8.979989528656005859e+00,-3.661392174519341458e-02,-6.176933254828203407e-02,5.891852214194859272e-04
8.999973773956298828e+00,-3.669033672730366569e-02,-6.166304705614161774e-02,5.935808045841595160e-04
9.020027875900268555e+00,-3.679695407875895052e-02,-6.167515532058246569e-02,5.872384246188300239e-04
9.039968967437744141e+00,-3.685349152830773994e-02,-6.153481818599543934e-02,5.954518764800242892e-04
9.059858798980711114e+00,-3.688344485693662717e-02,-6.136652714112054985e-02,6.078353265960290130e-04
9.079802513122560370e+00,-3.691611104077827804e-02,-6.132030279023283764e-02,6.083125614793072344e-04
9.100043296813964844e+00,-3.699824718381132527e-02,-6.125700491677480569e-02,6.118052499790582743e-04
9.119833469390869141e+00,-3.701433080660428143e-02,-6.116237295878652197e-02,6.195716434842513110e-04
9.139804363250732422e+00,-3.706041436867042044e-02,-6.113953621078815903e-02,6.205200540990718494e-04
9.159811496734619141e+00,-3.710797239552369314e-02,-6.114642244205407973e-02,6.185796974894630651e-04
9.179821729660034180e+00,-3.720943421777773985e-02,-6.114382405370770435e-02,6.182695182362918374e-04
9.199844837188720703e+00,-3.717551865443859127e-02,-6.119816587749159209e-02,6.122403020202282775e-04
9.219924211502075195e+00,-3.728395235540713643e-02,-6.116206588161812729e-02,6.165069507531040216e-04
9.239834785461425781e+00,-3.739992758186223148e-02,-6.113136643056679004e-02,6.204203490336457349e-04
9.259812116622924805e+00,-3.753520197717982038e-02,-6.109437017779296292e-02,6.254415649218358908e-04
9.279850721359251153e+00,-3.770924635922720536e-02,-6.118665562904465616e-02,6.171948744719824020e-04
9.299820661544799805e+00,-3.785504733151891926e-02,-6.120333243940213885e-02,6.167352915780188738e-04
9.319837570190429688e+00,-3.802259930463297577e-02,-6.118052240302383066e-02,6.206825151385819694e-04
9.339990615844728339e+00,-3.817190336330750222e-02,-6.116292763795717902e-02,6.244865637030638794e-04
9.359817504882812500e+00,-3.840792016246025176e-02,-6.117609375028167790e-02,6.248091405720579417e-04
9.379822731018066406e+00,-3.852524702723371386e-02,-6.128691401111478060e-02,6.157741170266239905e-04
9.399823427200315606e+00,-3.865498955511077056e-02,-6.133600585481004119e-02,6.128416348771814626e-04
9.419914245605468750e+00,-3.870332940617581680e-02,-6.132034988854367236e-02,6.180746262541836344e-04
9.439941167831419122e+00,-3.872696539033256696e-02,-6.136832417884194313e-02,6.139075884814548800e-04
9.459846258163452148e+00,-3.871507798950579032e-02,-6.139662142437488090e-02,6.130468703049452017e-04
9.479831933975219727e+00,-3.864342391877013255e-02,-6.136947663765175004e-02,6.187812911182533071e-04
9.499811410903930664e+00,-3.840122821937706071e-02,-6.140372134707855478e-02,6.183674127557825528e-04
9.519953012466430664e+00,-3.807079375764952506e-02,-6.148946042129391221e-02,6.120832384284291550e-04
9.539957761764526367e+00,-3.768735721914243109e-02,-6.153679312496104781e-02,6.102454211618368873e-04
9.559837102890016425e+00,-3.697346595982166362e-02,-6.157209292957679242e-02,6.086172410478818406e-04
9.579816102981567383e+00,-3.620445255724984851e-02,-6.155375158500081545e-02,6.173021012459978252e-04
9.599910259246826172e+00,-3.530737481630946695e-02,-6.151900791137968755e-02,6.214311042370690430e-04
9.619818687438964844e+00,-3.414946037097081610e-02,-6.150756545352029092e-02,6.260396331664308534e-04
9.639839410781860352e+00,-3.266573387027102426e-02,-6.156775127003929343e-02,6.236256352860625185e-04
9.659789085388183594e+00,-3.102259111865064700e-02,-6.157700236187657605e-02,6.251317441138271036e-04
9.679801702499389648e+00,-2.898323195360431523e-02,-6.153475941326317505e-02,6.715395248542144202e-04
9.699843883514404297e+00,-2.739586588800437678e-02,-6.156852283272987170e-02,7.126356429224545153e-04
9.719940662384031427e+00,-2.590676260150564375e-02,-6.160089625854411194e-02,6.964704670202603864e-04
9.739844322204589844e+00,-2.435233644576858050e-02,-6.161840817051281172e-02,6.375610773249329455e-04
9.759797811508180487e+00,-2.210358473813792482e-02,-6.162321924001503554e-02,6.005475339859733808e-04
9.779846191406250000e+00,-1.946643544893375197e-02,-6.165720558787157052e-02,5.888144449754939558e-04
9.799840927124023438e+00,-1.606473719655298477e-02,-6.170999328972721909e-02,5.832112066892491953e-04
9.819979667663574219e+00,-1.182065576349084282e-02,-6.173122000703544499e-02,5.682726712826768889e-04
9.839891433715820312e+00,-7.037861944962118393e-03,-6.172313687166145618e-02,5.569301737199383595e-04
9.859879970550535333e+00,-1.826926972933497206e-03,-6.153913825013388600e-02,5.574843129588780144e-04
9.879908561706544745e+00,3.563211565723332919e-03,-6.140692680088696148e-02,5.499752279124470178e-04
9.900046348571775567e+00,9.362297353201706057e-03,-6.124324543384122854e-02,5.573107733812809883e-04
9.919863224029539239e+00,1.505598913080032769e-02,-6.105266051809661587e-02,5.706409962250580392e-04
9.939867019653320312e+00,2.079918002401165769e-02,-6.087006874859966776e-02,5.688201143803084392e-04
9.959946155548095703e+00,2.590404937430591803e-02,-6.072148852746436093e-02,5.638717393910974707e-04
9.979954481124877930e+00,3.080651894178952632e-02,-6.042315289649689836e-02,5.679989067032265027e-04
9.999909877777099609e+00,3.519241148687420745e-02,-5.996390573732016116e-02,5.722887059830261691e-04
1.001994228363037287e+01,3.891845199827120155e-02,-5.952338667958678720e-02,6.273669799297110217e-04
1.003983831405639648e+01,4.115757925773431275e-02,-5.919255405103757833e-02,6.697608364828466776e-04
1.006000399589538574e+01,4.292638643270327292e-02,-5.852641742826369259e-02,7.388489005843990043e-04
1.007985782623291016e+01,4.531292931973746746e-02,-5.827109679978256102e-02,8.426320049502722398e-04
1.009981036186218439e+01,4.705751794408238875e-02,-5.806825905284949962e-02,9.277481816539756565e-04
1.011984753608703613e+01,4.730598685882574789e-02,-5.788088529590085241e-02,9.809056842976504598e-04
1.013991069793701172e+01,4.593737594466283658e-02,-5.759371729076306901e-02,1.070353142449076422e-03
1.015984606742858887e+01,4.505991676758881737e-02,-5.761149906459567260e-02,1.335713044138708838e-03
1.017994093894958318e+01,4.306455459644711881e-02,-5.820649468000342608e-02,1.539653644845540015e-03
1.019991874694824219e+01,3.809304002051760313e-02,-5.881124417311036495e-02,1.411512049364849197e-03
1.021979856491088867e+01,3.347783236231137438e-02,-5.891925458528045334e-02,1.382342814638004569e-03
1.023983883857727051e+01,3.022232823196924212e-02,-5.933551654367602568e-02,1.437649005315844164e-03
1.025981664657592773e+01,2.718652289101225819e-02,-5.955859799599781679e-02,1.402424523918588406e-03
1.027994775772094727e+01,2.666689887866406650e-02,-5.996694792426844611e-02,1.390840558972983310e-03
1.029981899261474609e+01,2.707066150376837010e-02,-6.034674657389395291e-02,1.456672033441241965e-03
1.031978058815002441e+01,2.761334714425678349e-02,-6.063178337012608415e-02,1.369037737638523211e-03
1.033984923362731934e+01,2.775254463657911633e-02,-6.086620962446966793e-02,1.343012011031485820e-03
1.035993170738220215e+01,2.958824027772034154e-02,-6.128909794883497658e-02,1.407715517838359354e-03
1.037986540794372559e+01,3.055441208325695296e-02,-6.179922698531057496e-02,1.288447520480184849e-03
1.039983487129211426e+01,3.160038751447728778e-02,-6.184251756101290243e-02,1.267302023069905026e-03
1.041996026039123535e+01,3.309265036730162785e-02,-6.209910376636781915e-02,1.250546829009269167e-03
1.043979787826538086e+01,3.454052751722817838e-02,-6.232702786456783411e-02,1.175569260632558510e-03
1.046013188362121582e+01,3.563284459877717747e-02,-6.242018044970305823e-02,1.073727244931266256e-03
1.047983884811401367e+01,3.783810137689125330e-02,-6.215890588051767307e-02,1.104977656722683221e-03
1.049982905387878418e+01,4.147299725938780046e-02,-6.218065369003942383e-02,1.096151820273782995e-03
1.051980900764465154e+01,4.280682055413463638e-02,-6.148074444509706721e-02,9.834789575601243783e-04
1.053985476493835449e+01,4.342877238941433155e-02,-6.123200855233560530e-02,9.276637636568274559e-04
1.055995965003967285e+01,4.446225491671065150e-02,-6.072238240289854622e-02,9.209064239736886037e-04
1.057979989051818848e+01,4.271673205478680735e-02,-5.984673221614594807e-02,7.899562414899197194e-04
1.059983110427856445e+01,4.016436659020367062e-02,-5.866484613126130704e-02,7.489022991851168598e-04
1.061983847618103027e+01,3.689601744687042578e-02,-5.744796763916056037e-02,7.592963860398871390e-04
1.063991308212280451e+01,3.449894919559069739e-02,-5.633414993956037398e-02,8.495069433538393611e-04
1.065984797477722168e+01,3.367556881836322735e-02,-5.547791537537442863e-02,1.036715841151059081e-03
1.067980861663818359e+01,3.420343251223485759e-02,-5.464821372857758819e-02,1.210553301406180893e-03
1.069983506202697754e+01,3.181668222497614773e-02,-5.375096450252566521e-02,1.280305495320654963e-03
1.071980094909667969e+01,2.898235485312018744e-02,-5.329377561117620149e-02,1.310901469105507644e-03
1.073984241485595525e+01,2.711460328668650541e-02,-5.300432391246894664e-02,1.350535555723730852e-03
1.075993871688842773e+01,2.484966601118266880e-02,-5.330160140811846664e-02,1.342605925395035094e-03
1.077985453605652033e+01,2.177276126681194218e-02,-5.383452013975787570e-02,1.253296718082164141e-03
1.079984426498413086e+01,2.040361506462990554e-02,-5.428640701275719987e-02,1.283499462777948352e-03
1.081983137130737127e+01,1.946785018921631805e-02,-5.507880797758846897e-02,1.212057570384006411e-03
1.083985590934753418e+01,1.854423909555334704e-02,-5.546138090987406261e-02,1.167032598343387129e-03
1.085986399650573553e+01,1.876968169987312807e-02,-5.600991853192566899e-02,1.168260304023061025e-03
1.087982344627380371e+01,1.775725787664752739e-02,-5.661437106330512864e-02,1.079406751364975214e-03
1.089983296394347967e+01,1.755218254464284075e-02,-5.655798402565372085e-02,1.064868066437574257e-03
1.091997075080871582e+01,1.825399828780940870e-02,-5.694548319795897373e-02,1.011500107624296874e-03
1.093996238708495916e+01,1.688739346571132421e-02,-5.693800721932525122e-02,9.253255989659647796e-04
1.095983242988586426e+01,1.119554014698534092e-02,-5.708413435080989667e-02,7.834704785575352659e-04
1.097994184494018555e+01,2.459838445005448071e-03,-5.634935710046991980e-02,7.748903203897983261e-04
1.100000858306884766e+01,-1.897270904545708681e-03,-5.570044094532316387e-02,8.187096078035027702e-04
1.101994729042053223e+01,-4.638800324890335336e-03,-5.416663074310473780e-02,9.469453736324906501e-04
1.103993654251098633e+01,-7.003352715949887064e-03,-5.281475076040595407e-02,1.068983971167281055e-03
1.105984759330749512e+01,-9.845740204419427960e-03,-5.198149057373600140e-02,1.169458370156695182e-03
1.107982397079467773e+01,-1.268844673405737991e-02,-5.132452752361132964e-02,1.256243242575116881e-03
1.109984898567199529e+01,-1.515932137634396284e-02,-5.118457778166739941e-02,1.316042950974427583e-03
1.111981630325317383e+01,-1.621921751728986477e-02,-5.148320937431730832e-02,1.344269972261447066e-03
1.113986778259277166e+01,-1.659720881972026954e-02,-5.186284602740105082e-02,1.381442393029508331e-03
1.115992546081542969e+01,-1.733888741105780312e-02,-5.259615700848091491e-02,1.389683889935544592e-03
1.117983222007751642e+01,-1.878449159137076177e-02,-5.325669502091937707e-02,1.404027186966971819e-03
1.119991183280944824e+01,-1.942588543566645121e-02,-5.389507473098865270e-02,1.417841090085025790e-03
1.121983098983764648e+01,-1.867139583195877306e-02,-5.480875205645522469e-02,1.400334921734969207e-03
1.123990130424499512e+01,-1.766456347372796776e-02,-5.599831661659988857e-02,1.352465208032449517e-03
1.125984954833984375e+01,-1.528851071747480868e-02,-5.700655797651926759e-02,1.305709313613290234e-03
1.127997612953186035e+01,-1.229462554706893529e-02,-5.822962587548669716e-02,1.226434437550993906e-03
1.129996585845947266e+01,-9.188823986238554842e-03,-5.938717630224616545e-02,1.126300737237739824e-03
1.131984543800354004e+01,-6.053111453620832645e-03,-6.046500383427588082e-02,1.008494246013569295e-03
1.133983588218688965e+01,-1.985360941372554811e-03,-6.130480371907996023e-02,8.897958098976754826e-04
1.135982322692871271e+01,1.529735249073183902e-03,-6.180658939940768259e-02,7.773447286555379421e-04
1.137982058525085449e+01,4.730655784928608498e-03,-6.206537593251771484e-02,6.794885538196071550e-04
1.140017628669738770e+01,8.101910368775689167e-03,-6.182624833855172863e-02,6.058332076912531505e-04
1.141982197761535645e+01,1.170831886868085869e-02,-6.111553283322370550e-02,5.696795964073020357e-04
1.143986821174621582e+01,1.548229403875484543e-02,-5.996858299471655163e-02,5.629825030503132766e-04
1.145991683006286621e+01,1.919023078364818363e-02,-5.860718189452418514e-02,5.737326419524846344e-04
1.147987127304077148e+01,2.250246729916562799e-02,-5.689084182511625759e-02,6.183983228861267278e-04
1.149997520446777166e+01,2.552576189660805267e-02,-5.487909527992036740e-02,6.961309798965142903e-04
1.151980280876159668e+01,2.824065926639286392e-02,-5.285564709346073087e-02,7.913511782985382936e-04
1.153985071182250977e+01,3.035232538080856121e-02,-5.064172751430731645e-02,9.270453624798946635e-04
1.155992746353149414e+01,3.197801817983977196e-02,-4.853548601791041889e-02,1.076909745912124627e-03
1.157985758781433283e+01,3.313502069073952921e-02,-4.666666666752228299e-02,1.235246842548609614e-03
1.159978652000427246e+01,3.398893263771695511e-02,-4.533649451204813108e-02,1.372649115773616479e-03
1.161984109878540039e+01,3.451117465764980130e-02,-4.435806839433044380e-02,1.505136469205581307e-03
1.163995337486267267e+01,3.467339870096347587e-02,-4.386456743662518060e-02,1.615952580751534029e-03
1.165996170043945135e+01,3.464249369296356490e-02,-4.379688669733131784e-02,1.706093824525134472e-03
1.167992544174194336e+01,3.443720521469179757e-02,-4.421422683939615211e-02,1.764088331543622878e-03
1.169981384277343750e+01,3.373797367336982961e-02,-4.512860921957506655e-02,1.783768682225073121e-03
1.171983385086059570e+01,3.273211779896764012e-02,-4.623423198369604192e-02,1.792044830233652242e-03
1.173987650871276855e+01,3.112776300732031029e-02,-4.743831003410718672e-02,1.795405367872482394e-03
1.175995326042175115e+01,2.936522834132124921e-02,-4.883763695257924142e-02,1.779440433385737208e-03
1.177995777130126953e+01,2.750166915427083511e-02,-5.041305195921340354e-02,1.738345330279833512e-03
1.179987502098083674e+01,2.536774000430876141e-02,-5.221148578436063392e-02,1.664279912626631663e-03
1.181994986534118830e+01,2.298644298557370180e-02,-5.410844844790292651e-02,1.572279508042173646e-03
1.184005117416381836e+01,2.051305853580016880e-02,-5.593414682644842068e-02,1.470164751360414357e-03
1.185985112190246582e+01,1.791555157218722300e-02,-5.760799329590308993e-02,1.363622955720455998e-03
1.188015365600585938e+01,1.535782768001013945e-02,-5.854649767087890394e-02,1.305318676923961085e-03
1.189982342720031561e+01,1.191841268133877509e-02,-6.029622551395706631e-02,1.154027298623683251e-03
1.192007064819335938e+01,8.850608078691106842e-03,-6.095072634072627726e-02,1.085750215612524272e-03
1.193985748291015625e+01,5.976103605297111016e-03,-6.119478120449070579e-02,1.041447052891331104e-03
1.195980954170227051e+01,3.241963877577191955e-03,-6.094950226834545959e-02,1.022590771109443963e-03
1.197988104820251642e+01,5.481078340098810564e-04,-6.061843841000325722e-02,1.010506363198770963e-03
1.199999070167541682e+01,-1.991370059416819674e-03,-6.011195746020608910e-02,1.009242383999797710e-03
1.201980161666869940e+01,-4.272807293765105985e-03,-5.952483564154355256e-02,1.016446845852558845e-03
1.203985285758972168e+01,-5.989584158960094273e-03,-5.868059320057713441e-02,1.046783499088599356e-03
1.205998992919922053e+01,-7.258663873284606355e-03,-5.789562507538292824e-02,1.071053983490055650e-03
1.207986807823181152e+01,-7.838960445842538954e-03,-5.698068634037301017e-02,1.117567367744265461e-03
1.209997105598449529e+01,-7.649484772689387098e-03,-5.616645821683680789e-02,1.163235100628878804e-03
1.211995339393615545e+01,-6.636472246350595336e-03,-5.548989830767960679e-02,1.206914014700966042e-03
1.213985204696655273e+01,-4.990322616339105781e-03,-5.489868613180445833e-02,1.248081532416511763e-03
1.215985298156738459e+01,-2.867387184608922220e-03,-5.446690181537208741e-02,1.278386810108167460e-03
1.217983579635619940e+01,-4.667004023265609695e-04,-5.430520144032437158e-02,1.284112951357663235e-03
1.220013236999511541e+01,2.100177560860994313e-03,-5.437575154369081454e-02,1.270251013315792932e-03
1.221984696388244629e+01,4.958199111562356515e-03,-5.456051624714497450e-02,1.246206181128028945e-03
1.223978948593139648e+01,7.894602430272755489e-03,-5.487037732483990293e-02,1.204865243842778710e-03
1.225980520248413086e+01,1.106256080377131940e-02,-5.529665544110341086e-02,1.146292679560234617e-03
1.228005886077880859e+01,1.432431303669023590e-02,-5.554631322123800702e-02,1.096112152122685757e-03
1.229980778694152832e+01,1.751404866857552908e-02,-5.584771961326032153e-02,1.040467948826062639e-03
1.231983232498168945e+01,2.109295354643287920e-02,-5.596837460419629845e-02,9.911489421209340733e-04
1.233995676040649414e+01,2.460774023974362373e-02,-5.595535712002203121e-02,9.409719596786825235e-04
1.235984730720520020e+01,2.744615023886904509e-02,-5.555076737099524931e-02,9.242783959958478235e-04
1.237995433807373047e+01,2.987623245382831777e-02,-5.507904379015218094e-02,9.129321435800141771e-04
1.239980077743530451e+01,3.180623777812615488e-02,-5.429915967554006101e-02,9.335989654363219259e-04
1.241980266571044922e+01,3.321925749563715835e-02,-5.323993676624388938e-02,9.883244696731185996e-04
1.243986082077026367e+01,3.397337111360251849e-02,-5.204772936071477146e-02,1.069498330222740101e-03
1.245994186401367188e+01,3.421306941564981191e-02,-5.090053990468544620e-02,1.160126344018630462e-03
1.247984743118285955e+01,3.397633640339676325e-02,-4.986590116238848180e-02,1.257356095031747500e-03
1.249995326995849609e+01,3.326632482864847612e-02,-4.890248842495949211e-02,1.361330341493549589e-03
1.251977443695068359e+01,3.211281687201177071e-02,-4.826550527155351600e-02,1.451374369495939121e-03
1.253982162475585938e+01,3.050587692584270233e-02,-4.788552970715811985e-02,1.530297977648698016e-03
1.255983781814575195e+01,2.873652136880687491e-02,-4.784881051918974532e-02,1.594360510121628494e-03
1.257984995841979980e+01,2.652558022222173406e-02,-4.802459127336185934e-02,1.651610258855851221e-03
1.259995603561401367e+01,2.421279337631696352e-02,-4.853654186884307636e-02,1.690488220056018953e-03
1.261984157562256037e+01,2.193112400059912814e-02,-4.928170548043814270e-02,1.709561357833622175e-03
1.263994812965393066e+01,1.948052940674472114e-02,-5.016312379124129167e-02,1.721118472215787953e-03
1.265984535217285156e+01,1.721261397685483127e-02,-5.133991684198362798e-02,1.700221808921598132e-03
1.267993235588073553e+01,1.487839575670414985e-02,-5.268747647150138352e-02,1.662543145205197526e-03
1.269984292984008789e+01,1.241563655686205893e-02,-5.418114741705143400e-02,1.599203280103767000e-03
1.272021746635437012e+01,1.014238559991340917e-02,-5.594367096834984565e-02,1.499330533192178017e-03
1.273980331420898438e+01,7.960482857475780979e-03,-5.743035258676467553e-02,1.406835523248828324e-03
1.275989651679992853e+01,6.007759781319736009e-03,-5.893873827709869562e-02,1.298831103161646183e-03
1.277982211112976074e+01,4.171260089934632209e-03,-6.005013364198748954e-02,1.206632888800740488e-03
1.279982423782348633e+01,2.372463983066092075e-03,-6.101757874625151484e-02,1.106385441453805463e-03
1.281999254226684570e+01,9.158563838005066154e-04,-6.164611023127494760e-02,1.015423400073323101e-03
1.283985137939453125e+01,-1.325989225431749297e-04,-6.203201116216974786e-02,9.275292398320811316e-04
1.285986733436584473e+01,-9.393090636431421225e-04,-6.196266420895786553e-02,8.693922999860603795e-04
1.288000941276550471e+01,-1.530647051666670505e-03,-6.146753590997050543e-02,8.376470692640358706e-04
1.289993953704833984e+01,-1.624232063566377615e-03,-6.068258832168858113e-02,8.285425579369620763e-04
1.291993594169616877e+01,-1.243216859129989485e-03,-5.956754403607374126e-02,8.472519115872989559e-04
1.293986010551452637e+01,-6.970952879522939599e-04,-5.835610178399937287e-02,8.810731762183277027e-04
1.296012854576110840e+01,4.453214088631276407e-04,-5.687499943540772623e-02,9.458437360193583388e-04
1.297988033294677557e+01,1.964470591857546758e-03,-5.547104147769462562e-02,1.015411576842040198e-03
1.299998664855957031e+01,3.838127615607605462e-03,-5.407463615261662998e-02,1.093733228736182284e-03
1.301981806755065918e+01,6.198331983260673902e-03,-5.293816629118013734e-02,1.161558521414862710e-03
1.303996419906616211e+01,8.704409456546628385e-03,-5.198529388817015734e-02,1.223477143805329348e-03
1.305984926223754883e+01,1.156127025577379647e-02,-5.114997964892338544e-02,1.287464844574759404e-03
1.307995700836181641e+01,1.435887440849364406e-02,-5.067002216100619655e-02,1.329054087243819460e-03
1.309980487823486328e+01,1.722131926709978902e-02,-5.050863442975985634e-02,1.349297833886597964e-03
1.311979484558105646e+01,2.003582306811791530e-02,-5.049040395904484668e-02,1.362596991756559461e-03
1.313983678817749023e+01,2.306789633469114031e-02,-5.065072866476486718e-02,1.361625887045136984e-03
1.315994381904602051e+01,2.583987120128907952e-02,-5.106627143774408045e-02,1.337128181959523765e-03
1.317982935905456365e+01,2.819426682485196706e-02,-5.147390760642273078e-02,1.315859358721582772e-03
1.319995784759521662e+01,3.020030161262880763e-02,-5.198951899121708603e-02,1.284706057241402632e-03
1.321987342834472834e+01,3.167848481134628164e-02,-5.248961583516281726e-02,1.251024721512727922e-03
1.323995876312256037e+01,3.247439052853258457e-02,-5.289935301365594755e-02,1.226825234426076605e-03
1.325999593734741211e+01,3.277070290130612573e-02,-5.315996008501543135e-02,1.209396581259736259e-03
1.327998089790344238e+01,3.247205008305804885e-02,-5.315806467357888504e-02,1.211696932418182548e-03
1.329994130134582342e+01,3.164480751541920434e-02,-5.318658673599601511e-02,1.214221986263974706e-03
1.331983804702758789e+01,3.023375108506924994e-02,-5.315522963253800637e-02,1.224595476439160890e-03
1.333980131149291992e+01,2.840528867686326758e-02,-5.292947443078489106e-02,1.262026055888654241e-03
1.335983300209045410e+01,2.629412665918202247e-02,-5.258741795000491936e-02,1.305207712728573277e-03
1.337994837760925115e+01,2.392986449142009073e-02,-5.236136289435509156e-02,1.350278459668396991e-03
1.339990544319152832e+01,2.135814466421951524e-02,-5.196547649572660216e-02,1.419905532217269339e-03
1.341983079910278320e+01,1.848568852663984297e-02,-5.176007026138545325e-02,1.479230563535716136e-03
1.343994688987731934e+01,1.545919599320185432e-02,-5.178881192501506858e-02,1.522836587092846194e-03
1.345997810363769531e+01,1.237071381605699821e-02,-5.197045093341128713e-02,1.556896329435453197e-03
1.347980642318725586e+01,9.621893723107165577e-03,-5.241384706851913433e-02,1.569059244402537523e-03
1.349983453750610352e+01,6.953992076927146063e-03,-5.299141782605085865e-02,1.569783571682803469e-03
1.351995515823364435e+01,4.745955184813964098e-03,-5.393308314293406708e-02,1.534240312310752863e-03
1.353981280326843262e+01,2.866982201151271545e-03,-5.485163615930672976e-02,1.496031761552440997e-03
1.355980348587035955e+01,1.239085369069836337e-03,-5.578313257328063740e-02,1.446370970193178174e-03
1.357983732223510742e+01,-8.140993516956955556e-05,-5.670769496643824487e-02,1.388495483272689235e-03
1.359979701042175115e+01,-1.075351209650875217e-03,-5.768621307048297370e-02,1.309139370683110037e-03
1.361982798576354980e+01,-1.398685326266186149e-03,-5.860011577586738546e-02,1.222692276541259560e-03
1.363981461524963379e+01,-1.333952751462927702e-03,-5.941455452370687784e-02,1.129464985242578656e-03
1.365984392166137518e+01,-6.841773372610717233e-04,-6.002301770901631583e-02,1.033629946922909326e-03
1.367995309829711914e+01,4.742612662029400267e-04,-6.041317218585573467e-02,9.418676126802250081e-04
1.369982933998108088e+01,1.807678082658809547e-03,-6.037685357063807962e-02,8.800977047886959781e-04
1.371994566917419434e+01,3.360614266002789723e-03,-6.001670274681478179e-02,8.350352782081627012e-04
1.373981571197509766e+01,5.231058219758015840e-03,-5.932418862446561109e-02,8.188183291628625682e-04
1.375989460945129395e+01,7.134423724697811289e-03,-5.822967452668023625e-02,8.343011184315241024e-04
1.377994298934936346e+01,9.063743894799039524e-03,-5.699414780314093765e-02,8.663183497579218795e-04
1.380004739761352361e+01,1.114065199855417826e-02,-5.567628390567029573e-02,9.108949602215643537e-04
1.381991744041442871e+01,1.337406056719359949e-02,-5.433025964644328659e-02,9.688980189755946881e-04
1.383986735343933283e+01,1.535061675234550629e-02,-5.283870656711196767e-02,1.054061976308195980e-03
1.385988068580627441e+01,1.741688819231164073e-02,-5.143045905336434548e-02,1.147269500142433785e-03
1.387997293472290039e+01,1.955527872107844928e-02,-5.005393091234934533e-02,1.251617563870488503e-03
1.390014910697937012e+01,2.163529976293260271e-02,-4.905334998672571112e-02,1.336508721348272921e-03
1.391986823081970215e+01,2.363904984537388426e-02,-4.825317090375764312e-02,1.419350488072068650e-03
1.393995571136474609e+01,2.538616705240527571e-02,-4.774600405006451664e-02,1.490042498104582336e-03
1.395982289314270020e+01,2.684402156870210887e-02,-4.765701625340820063e-02,1.536123737712724591e-03
1.397990393638610840e+01,2.647052748292852420e-02,-4.810192130215489026e-02,1.542063764219503419e-03
1.399998283386230469e+01,2.859942743081625785e-02,-4.827067618600501542e-02,1.580197278978290321e-03
1.401983714103698730e+01,2.882379526273139841e-02,-4.897895972291307215e-02,1.565110377332423752e-03
1.403989076614380060e+01,2.885230399565091516e-02,-4.974983900246832125e-02,1.546619012483430033e-03
1.406005907058715820e+01,2.844445163550112649e-02,-5.062833161312334934e-02,1.512884690721638670e-03
1.407979750633239568e+01,2.762258554671233324e-02,-5.148273859084281229e-02,1.480602381463302919e-03
1.409994292259216486e+01,2.644347265266109095e-02,-5.232684008209799453e-02,1.443541031683093223e-03
1.412004351615905762e+01,2.492898303544599861e-02,-5.316070256278383754e-02,1.403450833887043281e-03
1.413980722427368164e+01,2.309532215226584376e-02,-5.398060726791466257e-02,1.351586877876842507e-03
1.415982222557068049e+01,2.099506676385989867e-02,-5.468391051607560116e-02,1.303005508320298489e-03
1.417982220649719238e+01,1.860570394909196942e-02,-5.514642700651059548e-02,1.271459164549182397e-03
1.419981622695922852e+01,1.610678066198891964e-02,-5.544122259182638485e-02,1.251965131348176108e-03
1.421982526779174805e+01,1.355117339143735271e-02,-5.541230066674386612e-02,1.254628247374434125e-03
1.423982143402099609e+01,1.112583300214368270e-02,-5.519094311659243635e-02,1.274408811715810330e-03
1.425993061065673828e+01,8.674409076397113574e-03,-5.487591531090682540e-02,1.300988889111454050e-03
1.427985715866088867e+01,6.306720695622072131e-03,-5.466647429862325769e-02,1.322065914534542586e-03
1.429982519149780451e+01,4.090873363558410886e-03,-5.453283016730377242e-02,1.340559678552732947e-03
1.431986951828002930e+01,2.228183592533893378e-03,-5.435356091019674651e-02,1.359930314286605935e-03
1.433990049362182617e+01,8.482281397092974323e-04,-5.421123717582671669e-02,1.378836263288163444e-03
1.435984921455383123e+01,-7.035594626219644765e-05,-5.408986779619836399e-02,1.397006272610745725e-03
1.437993431091308594e+01,-4.130176365330900240e-04,-5.409933592084408688e-02,1.402640791048348490e-03
1.439983010292053223e+01,-2.206169120089309169e-04,-5.420320102384582756e-02,1.400584855169362264e-03
1.442000746726989568e+01,4.554191708339774824e-04,-5.435348472204035858e-02,1.390597526297443487e-03
1.443996667861938477e+01,1.638601389405125279e-03,-5.479861355113594540e-02,1.348771067069987062e-03
1.445982956886291682e+01,3.131170138505921536e-03,-5.525598494761643775e-02,1.301017610911170408e-03
1.447980856895446777e+01,5.068088552214370691e-03,-5.568376386565209585e-02,1.243996676571934579e-03
1.449981641769409180e+01,7.316895186653184571e-03,-5.606204714587722376e-02,1.184183853176867807e-03
1.451981329917907537e+01,9.660966231154158312e-03,-5.624353947190682823e-02,1.136323489703938705e-03
1.453981685638427557e+01,1.212640284649529887e-02,-5.634339244579851524e-02,1.088697611610678351e-03
1.455981135368347168e+01,1.461462584496894639e-02,-5.619977904317515621e-02,1.056737868152968218e-03
1.457989573478698730e+01,1.681471831530315791e-02,-5.584142671879643860e-02,1.040965082107381257e-03
1.459982538223266602e+01,1.893600507558028390e-02,-5.540558872643808197e-02,1.032885239768188690e-03
1.461981582641601562e+01,2.083547264968867510e-02,-5.470313229089834167e-02,1.042758213363526032e-03
1.463980245590209961e+01,2.231083868348890040e-02,-5.386728033599066240e-02,1.076425487480880960e-03
1.465981483459472834e+01,2.348571369769268669e-02,-5.296372018013474625e-02,1.124163428892432925e-03
1.467982125282287598e+01,2.424765640500066086e-02,-5.192112735109234017e-02,1.194006741757402956e-03
1.469991374015807928e+01,2.468376862507834502e-02,-5.087974908929587814e-02,1.281548002112220530e-03
1.471981287002563654e+01,2.492464869996820209e-02,-4.992027427786777799e-02,1.370514847636727929e-03
1.473990297317504883e+01,2.478044403273150370e-02,-4.915891295336659306e-02,1.457528759816639763e-03
1.475982832908630371e+01,2.408899441138281222e-02,-4.875125074350127735e-02,1.524819909745955826e-03
1.477992343902588068e+01,2.337437805810355096e-02,-4.864446826523244338e-02,1.576886005309585670e-03
1.479995322227478027e+01,2.236050756435931791e-02,-4.873903210416215964e-02,1.617165744162263330e-03
1.481981182098388850e+01,2.125544521587651239e-02,-4.912530712526340382e-02,1.637408518195715423e-03
1.483988332748413086e+01,2.003853743150134023e-02,-4.971640416143079111e-02,1.639354735266551621e-03
1.486010742187500000e+01,1.873467961481865493e-02,-5.056238426924775098e-02,1.622128447891668657e-03
1.487991309165954590e+01,1.728158537543535503e-02,-5.147384850111813570e-02,1.593259354197296140e-03
1.489984607696533203e+01,1.593670956084356632e-02,-5.245280210580650915e-02,1.554507682792527490e-03
1.491984438896179199e+01,1.461646635433312691e-02,-5.353615804301810333e-02,1.498984043135420663e-03
1.493996977806091131e+01,1.316353806333243545e-02,-5.457651802382991468e-02,1.440127962905157766e-03
1.495984935760498047e+01,1.171894545964300219e-02,-5.561727063231064472e-02,1.367744894433586822e-03
1.498017692565917969e+01,1.023965808792713997e-02,-5.654014780373099736e-02,1.291902990224969017e-03
1.499989533424377441e+01,8.777885510164305793e-03,-5.723655523163011238e-02,1.224179486918663962e-03
1.501985716819763184e+01,7.337318309893866436e-03,-5.770458002186672902e-02,1.165615626237070934e-03
1.503993034362792969e+01,6.119659819981505822e-03,-5.788533016538144338e-02,1.122556355204751277e-03
1.505986547470092773e+01,5.130491659827651763e-03,-5.781280282890909755e-02,1.096681854475534124e-03
1.507991695404052734e+01,4.303676267842520067e-03,-5.749118296036702380e-02,1.088806912247441971e-03
1.509979963302612482e+01,3.670398169114863669e-03,-5.692707363964372158e-02,1.103674406492172189e-03
1.511978483200073242e+01,3.356002473566062523e-03,-5.624437469947290991e-02,1.127276310447067331e-03
1.513982439041137518e+01,3.408394877725029297e-03,-5.567380692299533224e-02,1.145792481171747923e-03
1.515998411178588867e+01,3.730071281752198563e-03,-5.493169215636801994e-02,1.184495778461691629e-03
1.517980265617370605e+01,4.597686777986390722e-03,-5.407647354510929788e-02,1.240429941193221808e-03
1.519982814788818359e+01,5.573440815308217458e-03,-5.333224243775123302e-02,1.292205577036242836e-03
1.521993041038513184e+01,7.107373127453677983e-03,-5.270050600526242357e-02,1.339529790907900697e-03
1.523982453346252441e+01,8.816894837075390373e-03,-5.234280690019731813e-02,1.369060811530653510e-03
1.525981736183166326e+01,1.092526180651466963e-02,-5.225412735747721887e-02,1.379688238559717561e-03
1.527985334396362482e+01,1.304987355927459194e-02,-5.223504513416266093e-02,1.385085900192040143e-03
1.529977869987487793e+01,1.544550663199953031e-02,-5.242095248228700877e-02,1.375704269885535957e-03
1.531990051269531250e+01,1.788727280366726735e-02,-5.276857650245787151e-02,1.350471397942865082e-03
1.533979940414428889e+01,2.031065071640614922e-02,-5.314252855809334375e-02,1.322472142536224027e-03
1.535978794097900391e+01,2.261682637426380704e-02,-5.345686335616869206e-02,1.298899820893817392e-03
1.537982559204101562e+01,2.484431139821367471e-02,-5.370217873809208370e-02,1.276774383410672620e-03
1.539979243278503418e+01,2.669394076219282208e-02,-5.380193460043743159e-02,1.264328267620906665e-03
1.541979336738586426e+01,2.818484951811869865e-02,-5.388276150451913604e-02,1.253763831143617224e-03
1.543978404998779119e+01,2.957029776438212243e-02,-5.389959999712100325e-02,1.245598383822321686e-03
1.545985579490661621e+01,3.053107910703729486e-02,-5.378392501421489641e-02,1.244813937815947291e-03
