0.000000000000000000e+00,3.747208177491623965e-03,2.609976478014155998e-03,-7.213466506507027268e-03
2.010846138000479955e-02,3.725773854166860438e-03,2.417046533682513498e-03,-7.115841004109261028e-03
4.016089439392089844e-02,3.676691421149569372e-03,2.363890262745836808e-03,-7.060540745301180712e-03
6.038713455200189761e-02,3.587895160174481984e-03,2.345352429725843218e-03,-7.054731619750609188e-03
8.021521568298339844e-02,3.424322824662344097e-03,2.396176286263063896e-03,-7.090482137507850974e-03
1.001954078674315990e-01,3.194248188606835237e-03,2.526214958553350560e-03,-7.180532663456602911e-03
1.200392246246337058e-01,2.862933564496411218e-03,2.786746317177101525e-03,-7.255481998635151392e-03
1.401586532592772882e-01,2.501302812939455722e-03,4.410687921990810029e-03,-7.343008993658929270e-03
1.600689888000488004e-01,2.153475444758695331e-03,3.390419873589995900e-03,-7.425036465891520984e-03
1.800987720489501953e-01,1.886747828982019565e-03,3.810253536896435721e-03,-7.523346066780674940e-03
2.000279426574707031e-01,1.738930592685296317e-03,4.022226662502710950e-03,-7.631267270813651624e-03
2.199957370758056086e-01,1.744313799792591470e-03,4.317290229810409954e-03,-7.716977232058067071e-03
2.400295734405517023e-01,1.925705739453525966e-03,4.530857967448901485e-03,-7.801832922960048530e-03
2.600092887878417969e-01,2.290674763052639659e-03,4.681255015728058230e-03,-7.855817160017600914e-03
2.801389694213867188e-01,2.841238368847384330e-03,4.770804208562476334e-03,-7.909147580933258148e-03
3.000082969665526789e-01,3.553276811516237199e-03,4.642844592524664887e-03,-8.101279211794326293e-03
3.199930191040039062e-01,4.407016326729438355e-03,4.570418420981055274e-03,-8.139501011145008902e-03
3.400273323059082031e-01,5.321469401812144867e-03,4.287223549977852918e-03,-8.409685742842384903e-03
3.601694107055664062e-01,6.390447124325179112e-03,4.763210153047604464e-03,-8.997927876270159914e-03
3.802237510681151789e-01,7.301333566230552158e-03,3.309013149041235488e-03,-8.962023551779546918e-03
4.000968933105468750e-01,8.091123921188873858e-03,3.287694504339664509e-03,-8.944603746326060603e-03
4.200477600097656250e-01,8.711121542680555496e-03,3.328456526050132744e-03,-8.880652050066696612e-03
4.400992393493651789e-01,9.132430277091124760e-03,3.399956193470709924e-03,-8.757819385738128959e-03
4.602375030517578125e-01,9.297406833816329597e-03,3.514833936449803312e-03,-8.696617405979441273e-03
4.799950122833251953e-01,9.235448210195867924e-03,3.074651652561970899e-03,-8.890146941902597397e-03
5.000193119049072266e-01,8.890452518095913470e-03,4.621236249573367968e-03,-8.736206653108554918e-03
5.200240612030029297e-01,8.266228740401164454e-03,3.671006040030037540e-03,-8.447467385392631173e-03
5.400097370147705078e-01,7.499145674757422275e-03,4.227217106574426495e-03,-8.087904769767433749e-03
5.601065158843994141e-01,6.585694041875641419e-03,4.571072871692895626e-03,-7.969713915917400748e-03
5.800137519836425781e-01,6.665512889982651984e-03,5.155667996870288636e-03,-8.064775353491678359e-03
5.999972820281982422e-01,4.532050897551868907e-03,5.663075366137231698e-03,-7.533534326926564530e-03
6.202225685119628906e-01,3.457881994224866820e-03,6.199785819749076970e-03,-7.374627065699578508e-03
6.401724815368652344e-01,2.357746021004280754e-03,6.740164541101406614e-03,-7.305128053064369013e-03
6.600408554077148438e-01,1.243732225073644615e-03,7.265510286278864527e-03,-7.266424330314333671e-03
6.800718307495117188e-01,1.300851290832701675e-04,9.050133406062865760e-03,-7.222700636106834174e-03
7.000079154968261719e-01,-9.920349338568236128e-04,7.972479541807415970e-03,-7.241356750144692031e-03
7.199759483337402344e-01,-2.148531420256677080e-03,9.401705709561000018e-03,-7.092206005997971421e-03
7.400422096252441406e-01,-3.259714557664113166e-03,8.013648098028215705e-03,-7.000762420681171105e-03
7.600927352905273438e-01,-4.192587991938882819e-03,7.894943810833533748e-03,-7.088821618788059345e-03
7.800302505493164062e-01,-5.004713368713595290e-03,7.554376034731132700e-03,-7.148649943038105047e-03
8.000204563140869141e-01,-5.650165893863204336e-03,7.008500991390352597e-03,-7.093157981699200337e-03
8.200547695159912109e-01,-6.140120147130626038e-03,6.312370782752700638e-03,-7.088560660993536641e-03
8.400087356567382812e-01,-6.390241779300417230e-03,5.502851539701654471e-03,-7.089185582359629721e-03
8.600335121154785156e-01,-6.422152181505078744e-03,4.670147991522254419e-03,-6.970020488370662001e-03
8.799982070922851562e-01,-6.267508704971173211e-03,3.844597549859670761e-03,-6.926440022904736121e-03
8.999745845794677734e-01,-6.006786981219296856e-03,2.948576768891251511e-03,-6.854358766200181058e-03
9.201896190643310547e-01,-5.616139908071471343e-03,2.022348520051762272e-03,-6.866457193750781333e-03
9.401471614837646484e-01,-5.174473763502798057e-03,1.115811976660448235e-03,-6.941722591626208090e-03
9.600863456726074219e-01,-4.682332585795510177e-03,2.717094407494249908e-04,-7.024190411412891202e-03
9.800848960876463734e-01,-4.146873505902686635e-03,-4.818039492323136774e-04,-7.045976542116645647e-03
1.000056028366088867e+00,-3.492880646419322874e-03,-1.148694712966403381e-03,-7.121180040003878206e-03
1.020018815994262695e+00,-2.722618031668233574e-03,-1.703527354568173252e-03,-7.156952988177829773e-03
1.039992809295654297e+00,-1.853789055532821181e-03,-2.150393348086952067e-03,-7.143064569775516015e-03
1.060015439987182617e+00,-9.261844131061773393e-04,-2.467645174643116890e-03,-7.079803704918269554e-03
1.079994678497314453e+00,2.681725622691576725e-05,-2.642477883200374661e-03,-6.974607482927098340e-03
1.100026845932006836e+00,9.932569782009964196e-04,-2.673599830879471589e-03,-6.840747840369689088e-03
1.120004892349243164e+00,1.950022610805315221e-03,-1.234811870810249151e-03,-6.695077119885645481e-03
1.140036344528198242e+00,2.845179353131433581e-03,-2.448017937495706314e-03,-6.545890139153328138e-03
1.160002708435058594e+00,3.659074478650541085e-03,-2.069177374572590128e-03,-6.415015430234457042e-03
1.179988861083984375e+00,4.359224662973670839e-03,-1.559524020478868234e-03,-6.299573117354655659e-03
1.199993371963500977e+00,4.900772497372463815e-03,-9.123279351807549870e-04,-6.153967022680737267e-03
1.220015287399291992e+00,5.315781102804562064e-03,-3.177017784781570320e-04,-6.099495151336900393e-03
1.240013837814331055e+00,5.578820238644598833e-03,1.878901206490044343e-03,-6.083330151468378279e-03
1.260019063949584961e+00,5.693448379185256369e-03,1.323015185262105004e-03,-6.096605564522333126e-03
1.279993295669555664e+00,5.702584071057788251e-03,3.546957524500344086e-03,-6.139509336255035560e-03
1.299999237060546875e+00,5.628482389302809363e-03,2.848562041343277555e-03,-6.244001966354773003e-03
1.320005893707275391e+00,5.478652435223212158e-03,3.371954178419274938e-03,-6.394219128547930578e-03
1.340013980865478294e+00,5.255692823069743613e-03,3.933216083187890399e-03,-6.570539579673141325e-03
1.360017776489257812e+00,4.973567480761685589e-03,4.370486788099351219e-03,-6.766712808581145863e-03
1.380018949508666992e+00,4.687839805764312112e-03,4.681134618954280180e-03,-6.960500945526981037e-03
1.400019168853759766e+00,4.436414123903067996e-03,6.205171497987641352e-03,-7.120332608192512028e-03
1.420017719268798828e+00,4.278567238527909711e-03,4.776252170985701220e-03,-7.260648535177728277e-03
1.440002441406250000e+00,4.225634936880617171e-03,4.530875535545948046e-03,-7.566559852404407954e-03
1.460013151168823242e+00,4.303609222854026806e-03,5.477619431657108906e-03,-7.753876533339070648e-03
1.480006933212280495e+00,4.545448139254882475e-03,3.701060699600944824e-03,-7.661143325014857508e-03
1.499983310699462891e+00,4.717652881579631474e-03,3.457389637132154709e-03,-7.398879372339906002e-03
1.520035743713378906e+00,5.123010356451920821e-03,2.934316855311538789e-03,-7.226550868506188829e-03
1.540209293365478294e+00,5.529927686852887520e-03,3.668054101466981538e-03,-7.000703568818813713e-03
1.560142278671264648e+00,5.928703646897258428e-03,1.575367606872541629e-03,-6.708624980465296463e-03
1.579987049102783203e+00,6.379697588464350311e-03,9.970209981349483289e-04,-6.466442079563894732e-03
1.599981069564819114e+00,6.844428174145034821e-03,4.416883166109362296e-04,-6.211944133640593009e-03
1.620093345642089844e+00,7.306121138423458949e-03,-5.334373184323268346e-05,-5.948125773005089045e-03
1.640176773071289062e+00,7.770141847099183707e-03,-4.477667054119550266e-04,-5.693437354398913838e-03
1.660035610198974609e+00,8.205230835459584315e-03,-6.965405289733848926e-04,-5.438119059877209900e-03
1.680234909057617188e+00,8.670175502659797917e-03,-8.461619533323399417e-04,-5.235501338143515836e-03
1.700170993804931641e+00,9.092350489086076237e-03,-8.496531842450607414e-04,-5.067898905455938893e-03
1.720052480697631836e+00,9.419177515984977767e-03,-5.215099854412267449e-04,-4.800671921284966129e-03
1.740172624588012695e+00,9.600307826668444400e-03,-3.275054676313577523e-04,-4.704262745752517752e-03
1.760253429412841797e+00,9.590249666186309585e-03,-5.399270515498398593e-05,-4.759337633606480419e-03
1.779981136322021706e+00,9.389627232620531561e-03,2.564786892684228076e-04,-4.835560781773332734e-03
1.800172090530395508e+00,8.972112879693551479e-03,5.768585813885835148e-04,-4.952410577008473959e-03
1.820062875747680886e+00,8.361797733862190440e-03,8.663085693279273455e-04,-5.146273730012718498e-03
1.840197801589965598e+00,7.562095134500484983e-03,1.137476444595797789e-03,-5.370947029836641018e-03
1.860035896301269309e+00,6.620499782485432527e-03,1.369619956733874287e-03,-5.697845940412817056e-03
1.880015373229980469e+00,5.565049377899932564e-03,1.608207253324278607e-03,-5.960729925200364786e-03
1.900018215179443581e+00,4.465204157700953386e-03,3.023078296939905180e-03,-6.264695821298777063e-03
1.920031785964965598e+00,3.294351317959519007e-03,1.590011776628047144e-03,-6.817773136812109447e-03
1.940157413482666016e+00,2.147120912262849221e-03,1.558522621213022114e-03,-7.320610057207424526e-03
1.959976434707641602e+00,1.026347122714303499e-03,2.787933992199456527e-03,-6.864269580415434564e-03
1.979997634887695535e+00,-2.777500083795563825e-05,4.079792609884733481e-03,-7.192804718093943374e-03
2.000013589859008789e+00,-1.044760623917936893e-03,3.486085620600872220e-03,-7.779522011194515453e-03
2.020035743713378906e+00,-2.043044312738646548e-03,2.711716952836424645e-03,-7.439235269545041440e-03
2.040163040161132812e+00,-2.985454616809365969e-03,2.178342512472619674e-03,-7.925820101858192107e-03
2.060187101364136186e+00,-3.865568426635556526e-03,1.481488213231015733e-03,-8.488674287055509443e-03
2.080215454101562500e+00,-4.690278330499727394e-03,8.208474093481486766e-04,-8.945958095990448611e-03
2.099981784820556641e+00,-5.450812110826767226e-03,2.476105303335640606e-04,-9.368319677463246911e-03
2.120038747787476030e+00,-6.169169990634781192e-03,-2.385182224921428285e-04,-9.729314811271160685e-03
2.140222787857056108e+00,-6.841583512433017933e-03,-6.327537050539351615e-04,-1.001205519117596109e-02
2.160124301910400391e+00,-7.486158990434310656e-03,-9.347230333325608209e-04,-1.027266314125978297e-02
2.180111885070800781e+00,-8.131628769406359925e-03,-1.182528428438758827e-03,-1.047190397555098490e-02
2.200127363204956055e+00,-8.778103050308586064e-03,-1.404006529291821487e-03,-1.060178259162597968e-02
2.219991922378540039e+00,-9.413403107085424604e-03,-1.635401079073246083e-03,-1.065341102799072237e-02
2.240021467208862305e+00,-1.002246717336367082e-02,-1.882836266652136714e-03,-1.065484600238935167e-02
2.260145902633666992e+00,-1.066273242234585389e-02,-2.142900010300208269e-03,-1.054318883878180811e-02
2.280142307281494141e+00,-1.125473451999923352e-02,-2.385145013017665044e-03,-1.035618816263588621e-02
2.300021648406982422e+00,-1.164232828785850826e-02,-2.546049103597382290e-03,-1.033981774521812273e-02
2.320316553115844727e+00,-1.199202337432769133e-02,-2.691667690423071163e-03,-1.004247751287622170e-02
2.340168952941894531e+00,-1.212996259486450595e-02,-2.758512822978630846e-03,-9.684867102708993869e-03
2.359981298446655718e+00,-1.207927799879335989e-02,-2.733457708396256486e-03,-9.276465442531578454e-03
2.380025386810302734e+00,-1.180433111704282112e-02,-2.713887010586849002e-03,-8.924161346181885140e-03
2.400175094604492188e+00,-1.130595693852372297e-02,-2.445631231145380807e-03,-8.655634790937378684e-03
2.419998168945312500e+00,-1.055993975354013736e-02,-2.063783333136542247e-03,-8.126856319891979236e-03
2.440159797668457031e+00,-9.620931691757872439e-03,-1.564726311433319028e-03,-7.719995564064606984e-03
2.459992408752441406e+00,-8.557038474647567228e-03,-9.832562153370312530e-04,-7.370735014906548005e-03
2.479989051818848100e+00,-7.394403400054060105e-03,-3.425620263076949862e-04,-7.034685125131260978e-03
2.500040769577026367e+00,-6.203194235953949504e-03,1.608590978522781052e-03,-6.722746020510090952e-03
2.520133256912231445e+00,-5.120497486472849746e-03,7.635209863789708604e-04,-6.424729394522642537e-03
2.539969205856323242e+00,-4.184485213168546991e-03,1.371489121804429214e-03,-6.166090493488970981e-03
2.560014724731445312e+00,-3.439608326510723221e-03,1.916917479867697414e-03,-5.944178597301657402e-03
2.579964399337768999e+00,-2.960377918761499319e-03,2.235356988008020858e-03,-5.769399722051052337e-03
2.599988222122192383e+00,-2.745804033951462428e-03,2.642722615321505680e-03,-5.637594982322531589e-03
2.620012283325195757e+00,-2.789246247738276507e-03,2.965078262089336676e-03,-5.532287065830517568e-03
2.640261411666870117e+00,-3.050092028693008814e-03,3.210374678756894654e-03,-5.445231623891752526e-03
2.660014867782592773e+00,-3.453162744311625426e-03,3.358370328289972742e-03,-5.365280923265800667e-03
2.680020093917846680e+00,-3.942839751196379472e-03,3.396011397884283675e-03,-5.283338313838779887e-03
2.700042724609375000e+00,-4.471774209493746544e-03,3.301082376298274113e-03,-5.194840742882574081e-03
2.720056772232056108e+00,-5.015393201108074572e-03,3.069985927660928877e-03,-5.095467989529766512e-03
2.740080595016479492e+00,-5.536759411100357353e-03,2.729535621093600976e-03,-4.985985206630579904e-03
2.760215759277344194e+00,-5.989357608643237213e-03,2.322735167981563806e-03,-4.867804129371895022e-03
2.780050992965698242e+00,-6.344459220028225016e-03,1.715951131692753338e-03,-4.882428278821942386e-03
2.800036668777465820e+00,-6.613951512751493900e-03,1.369172544619758460e-03,-4.741784998931069563e-03
2.820062398910522461e+00,-6.793803602299426647e-03,7.202501384507209101e-04,-4.873031617164952714e-03
2.840085506439208984e+00,-5.840644425743012763e-03,-6.119336315771671357e-04,-5.803939473789246697e-03
2.860136032104492188e+00,-7.052850637611334655e-03,-7.316598304060980065e-04,-5.388453657850927891e-03
2.880242347717285156e+00,-7.011596798565666866e-03,-8.875995581515069843e-04,-5.515631529255713913e-03
2.900117874145507812e+00,-6.934974014776253137e-03,-9.259497030723552388e-04,-5.640564487608446496e-03
2.919992208480834961e+00,-6.752413502917956056e-03,-1.090592644034565732e-03,-5.914555314659856490e-03
2.939976453781127930e+00,-6.445927977741065795e-03,-6.160273743657787224e-04,-5.895667033408371824e-03
2.960211753845214844e+00,-5.952094714546780907e-03,1.126093603198894798e-03,-6.013634460469562126e-03
2.980010032653808594e+00,-5.339233883525803387e-03,9.104861168415844322e-05,-6.073758406880359548e-03
3.000116825103760210e+00,-4.551437194490141197e-03,1.722454607440716649e-03,-6.124693376104136180e-03
3.020130634307861328e+00,-3.702883466947233179e-03,5.810185737225503563e-04,-6.177033120314227507e-03
3.039968967437744141e+00,-2.756644922888294366e-03,6.976197362820010968e-04,-6.495341107827888073e-03
3.060037374496459961e+00,-1.828543379328515829e-03,1.042118765575963165e-03,-6.600702374768352594e-03
3.080158710479736328e+00,-9.347139801901831364e-04,1.405062839448594295e-03,-6.743816626504176362e-03
3.100000381469726562e+00,-9.393594060011132250e-05,1.778108202027178439e-03,-6.907053875426049164e-03
3.120054721832275391e+00,6.661455555557523750e-04,2.035515409026972342e-03,-7.023358431516825255e-03
3.140106916427612305e+00,1.360869386422925570e-03,2.386615302688053358e-03,-7.047243617030291354e-03
3.160024404525756836e+00,3.094956597553577202e-03,2.727468093018302949e-03,-7.488311254683682229e-03
3.180001258850097656e+00,2.603520803100780115e-03,2.959287267942656459e-03,-7.183951890909843346e-03
3.200150728225708008e+00,3.280746756528863176e-03,3.177337173979919577e-03,-7.316235411781378886e-03
3.220030307769775391e+00,3.856412460314120189e-03,3.357895198088978878e-03,-7.429855416647885430e-03
3.240007162094116211e+00,4.390515106339015067e-03,4.931944927424410444e-03,-7.448712516113322780e-03
3.260001420974731445e+00,4.837868748397863156e-03,3.832519136647355266e-03,-7.430811220408981704e-03
3.280007362365722656e+00,5.249630703152027844e-03,5.623943488583917419e-03,-7.723639300295244425e-03
3.300162076950072798e+00,5.616579513136266133e-03,4.634564767016468440e-03,-7.521643904660240548e-03
3.320034265518188477e+00,5.952494294403708891e-03,5.280758863197444059e-03,-7.389668637972484147e-03
3.340126276016235796e+00,6.295313550756791166e-03,5.967153564091227935e-03,-7.165867660751358385e-03
3.360021829605102539e+00,6.584654723842408436e-03,6.664474125891564626e-03,-6.841647000118895525e-03
3.379989385604858398e+00,6.856028311054907648e-03,7.304321408278191541e-03,-6.513874954187617167e-03
3.400029420852661133e+00,7.109139382232169957e-03,7.829544763086573878e-03,-6.189133059579889941e-03
3.419994115829468218e+00,7.352199212219905078e-03,8.210895765922265888e-03,-5.881437445443609725e-03
3.439988851547241211e+00,7.606275193620684605e-03,8.427126534538247060e-03,-5.595179174676628668e-03
3.459981441497802734e+00,7.900559095355898231e-03,8.439702011701258333e-03,-5.377189132907691897e-03
3.480003595352172852e+00,8.194778479574338359e-03,8.262957320895547575e-03,-5.121794667413915626e-03
3.500107288360596147e+00,8.518408525643360318e-03,7.897506867729515295e-03,-4.886228784814346596e-03
3.520406246185302734e+00,8.846634765004669776e-03,7.304233670206071449e-03,-4.674860015431732581e-03
3.540154933929443803e+00,9.131454379586817494e-03,6.700900000724464844e-03,-4.503032839148453544e-03
3.559982061386108398e+00,9.364525099482219617e-03,7.376539088682111667e-03,-4.376488501378601390e-03
3.579988002777100053e+00,9.464508617867246898e-03,5.284456408169733999e-03,-4.289762600710121318e-03
3.599981784820556641e+00,9.477605134967585776e-03,4.764880137033850396e-03,-4.259649135469494030e-03
3.619967699050903320e+00,9.351015273154503205e-03,4.343853691181419341e-03,-4.290603126239603445e-03
3.640043973922729492e+00,8.993716337787241444e-03,4.038501844819734898e-03,-4.352498687243426014e-03
3.660150527954101562e+00,8.624180639844616914e-03,3.846335811239215766e-03,-4.507642054158921344e-03
3.680221557617187944e+00,8.131917236344113342e-03,3.734079353302889939e-03,-4.704128541660886412e-03
3.700160264968872070e+00,7.568827603282736460e-03,3.660423567916841481e-03,-4.925531432835905492e-03
3.720046281814575195e+00,6.987508480901221536e-03,4.909175141011076077e-03,-5.161940637331373719e-03
3.740202188491820845e+00,6.348308601460701112e-03,3.392057670319892013e-03,-5.398106413189534408e-03
3.760087728500366211e+00,5.791153287631196911e-03,4.711777008001251897e-03,-5.637843419951786908e-03
3.780146360397338867e+00,5.261866674710891784e-03,3.153043033557313517e-03,-5.864875201293076254e-03
3.800060749053955078e+00,4.839391920306294892e-03,3.103753352942720950e-03,-6.084029172539913259e-03
3.820291519165039062e+00,4.475053390916194918e-03,2.980378061950374191e-03,-6.260462442907911360e-03
3.840011358261108843e+00,4.182658131272339042e-03,2.819027787069172414e-03,-6.460619247855833858e-03
3.860000610351562500e+00,3.968713581329441631e-03,3.795957052155062364e-03,-6.486459361285900477e-03
3.880426406860352007e+00,3.773517943275404504e-03,2.188193610040526510e-03,-6.598120080803045531e-03
3.900035142898560014e+00,3.605517529891112682e-03,1.822350195880332495e-03,-6.663414308361610000e-03
3.920047521591186523e+00,3.375374245681735802e-03,1.582164926098657883e-03,-6.649839253702733571e-03
3.940196514129639116e+00,2.980934260299814009e-03,1.309325451533285660e-03,-6.710279777319852132e-03
3.959991931915283203e+00,2.386913338129263359e-03,1.049518070660528796e-03,-6.890502600888142801e-03
3.979986667633056641e+00,1.590871128135450813e-03,8.447859083706953098e-04,-7.136908353539112015e-03
4.000016689300537109e+00,6.013701521949695690e-04,2.203270265761799948e-03,-7.169527957862097123e-03
4.020484209060668945e+00,-5.572076311978922322e-04,6.306617270550683024e-04,-7.294261627490491659e-03
4.040301084518432617e+00,-1.702311018939939649e-03,4.963748193971551093e-04,-7.310333781272449968e-03
4.060203790664672852e+00,-2.828578366237659986e-03,4.166344381063991770e-04,-7.153070496166103083e-03
4.080022811889648438e+00,-3.907588064931327709e-03,3.370928323628546303e-04,-7.000781127323954522e-03
4.100037813186645508e+00,-4.969322833909682602e-03,1.368668190883694236e-04,-6.921511467077687274e-03
4.120076417922973633e+00,-5.994455154371546024e-03,-4.956964156983129088e-05,-6.657958488446519621e-03
4.140170574188232422e+00,-6.932152506111462220e-03,-3.912006686288688195e-05,-6.589883505467492020e-03
4.160035133361816406e+00,-7.739232254876882156e-03,-2.378644748970808187e-05,-6.487735765678115211e-03
4.180018663406372070e+00,-8.394465529057544562e-03,7.801467140699375191e-06,-6.349255734597112136e-03
4.200016021728515625e+00,-8.894558088462137246e-03,4.526624632207945642e-05,-5.932107606958149371e-03
4.220257520675659180e+00,-9.212373708440947662e-03,1.819013059537466503e-04,-5.784776631892240076e-03
4.240027427673339844e+00,-9.320100445106421772e-03,1.710445072039472152e-03,-5.623630095853948165e-03
4.259998321533203125e+00,-9.293868003353841778e-03,1.492211709163234010e-03,-4.792114992487270415e-03
4.280129194259644443e+00,-9.028455008701564977e-03,1.978408265987182443e-03,-4.497577930013652893e-03
4.300245046615600586e+00,-8.503062597965294067e-03,2.159129212680531255e-03,-4.505511020685260166e-03
4.319995164871215820e+00,-7.776647953772967969e-03,2.574043528568352533e-03,-4.357287965827853077e-03
4.340140342712402344e+00,-6.792340921192647346e-03,2.842536712429492678e-03,-4.362869213805249669e-03
4.359973430633544922e+00,-5.597079272861332083e-03,3.164893432300688522e-03,-4.379836578866155329e-03
4.379968881607055664e+00,-4.188839257097187047e-03,3.377673540426325526e-03,-4.294171358941872157e-03
4.399989128112792969e+00,-2.608259643756589627e-03,3.820139892590466990e-03,-4.322924396668728804e-03
4.419979333877564365e+00,-9.466824970534946232e-04,4.118982215507228581e-03,-4.273499385447581018e-03
4.440026044845581055e+00,7.038067634196178493e-04,4.675931931830253074e-03,-4.395209996569163745e-03
4.460009813308715820e+00,2.311191977787846116e-03,5.078929337947318823e-03,-4.410768258440139755e-03
4.480019569396972656e+00,3.751275122345064730e-03,5.603026076730608512e-03,-4.513183020494797304e-03
4.500116109848023349e+00,4.966429553870336383e-03,3.996486901417642401e-03,-3.170466738906225091e-03
4.520002126693725586e+00,6.112203391093244675e-03,5.803693163579089903e-03,-3.445011059600007648e-03
4.540020465850830078e+00,6.981753839138547107e-03,4.685480136478317043e-03,-3.746081967709865429e-03
4.560251474380493164e+00,7.671582447781710723e-03,4.898343068581428178e-03,-3.891597543990588798e-03
4.580290317535400391e+00,8.133488896889640163e-03,4.965946341316369861e-03,-4.178540953803067462e-03
4.599993944168090820e+00,8.343017888421309924e-03,5.034283861735534132e-03,-4.279255238890077896e-03
4.620138168334960938e+00,8.340581502458969954e-03,5.983773322389692589e-03,-4.518178650655389240e-03
4.640033483505249023e+00,8.093613557683773663e-03,5.373403365431711487e-03,-4.737009689177395198e-03
4.660000801086425781e+00,7.594482654630821394e-03,3.260835424399114932e-03,-4.945959198314201638e-03
4.679997920989990234e+00,6.928036335991268058e-03,2.540592252386995788e-03,-5.180983175785274474e-03
4.700022459030151367e+00,6.041429470926427264e-03,1.733617512755924323e-03,-5.393195471248452520e-03
4.720128297805786133e+00,5.008846926938252675e-03,9.354048484730300393e-04,-5.607210799238919463e-03
4.740004062652587891e+00,4.044834417574274393e-03,2.505212653333768746e-04,-6.089486209598603088e-03
4.760033369064331055e+00,2.963778011727610448e-03,9.828616908535651314e-04,-6.283938434516163699e-03
4.780022859573364258e+00,1.856977526810250044e-03,-1.127079025404743862e-03,-6.387093528964142390e-03
4.799980401992797852e+00,8.969983010644298760e-04,-1.500537334059810768e-03,-6.499655457877485075e-03
4.820073366165161133e+00,6.113509039026886801e-05,-1.671280600326729981e-03,-6.555361576864447704e-03
4.840183496475219727e+00,-5.958859314063001678e-04,-1.663466011348053303e-03,-6.588574941302052616e-03
4.860183000564575195e+00,-1.073139899376804665e-03,-1.476994372432136049e-03,-6.644095404939548075e-03
4.880052328109741211e+00,-1.358094446172541415e-03,1.502706366242126390e-04,-6.639647886406930752e-03
4.900046825408936435e+00,-1.633181857834221234e-03,-8.549086785850507075e-04,-6.625568777103998420e-03
4.920053243637084961e+00,-1.611116558348306936e-03,-2.647011763006260066e-04,-6.621353871476803876e-03
4.940185070037841797e+00,-1.457796445322436830e-03,3.892841409143098924e-04,-6.602833812425916264e-03
4.960016250610351562e+00,-1.177393259753945452e-03,1.031438419704600040e-03,-6.589719317062768360e-03
4.979995727539063388e+00,-8.544051250744082171e-04,1.721904747343541014e-03,-6.558477803231630571e-03
5.000028133392333984e+00,-4.961902252712216844e-04,2.434645490549754501e-03,-6.525050752414662814e-03
5.020030021667480469e+00,-1.427714534689399756e-04,4.517878289561964161e-03,-6.504175016519979022e-03
5.040008306503295898e+00,1.140214443297276996e-04,3.713989903537899886e-03,-6.429763901488564151e-03
5.060194492340087891e+00,3.417965523660187067e-04,4.505972073462431032e-03,-6.386599692187574367e-03
5.080027580261231357e+00,4.777743770470201622e-04,5.218250182044829530e-03,-6.329013533706590727e-03
5.099966764450073242e+00,5.275190249944905832e-04,5.844475552139745400e-03,-6.258520487525683074e-03
5.120165586471557617e+00,4.967615832917287970e-04,6.381388255858957276e-03,-6.263739131090443994e-03
5.140169382095336914e+00,4.476015145065499398e-04,6.765801550721938645e-03,-6.150803205631783996e-03
5.160120725631713867e+00,4.156085604786977777e-04,7.000108950585736539e-03,-6.073539338897412931e-03
5.180020332336425781e+00,4.448507606883301407e-04,7.049037729481781589e-03,-6.029688696502750501e-03
5.199996232986450195e+00,5.737258853989990991e-04,8.252848081009008657e-03,-6.021151316553772538e-03
5.219998359680175781e+00,7.358810612497386494e-04,6.523467129377728824e-03,-6.039007384871523422e-03
5.239983320236206055e+00,9.951364889942528394e-04,6.092076796696481444e-03,-6.089301149099410858e-03
5.260020017623901367e+00,1.303960735610936589e-03,5.391791452762952075e-03,-6.163742699752683581e-03
5.280159235000610352e+00,1.646306402123659182e-03,4.772906043538745896e-03,-6.256629793158509888e-03
5.299990415573120117e+00,1.975480560076363704e-03,4.098015580124788476e-03,-6.363231295115885297e-03
5.320024967193604404e+00,2.267793714564564356e-03,3.383537866229605236e-03,-6.468116611815637532e-03
5.340023994445800781e+00,2.447280027657447107e-03,2.646883356977599439e-03,-6.591800563097727390e-03
5.360024690628051758e+00,2.473272439272347981e-03,1.914338941840794828e-03,-6.865193064728276895e-03
5.380030155181884766e+00,2.348108096868290959e-03,1.107719854315587088e-03,-6.944928854374051060e-03
5.400030851364135742e+00,2.010974752375785379e-03,2.632541993680959092e-04,-6.973577463196519235e-03
5.420021772384644443e+00,1.516992781060790690e-03,-8.085188108547768093e-04,-7.060896602635828058e-03
5.440182209014892578e+00,8.515575779236535595e-04,-1.696741651672179635e-03,-7.114979682448435011e-03
5.460155487060546875e+00,1.431425269102851172e-04,-2.534961707554642119e-03,-7.199365956190312797e-03
5.479988574981689453e+00,-5.697619129440198698e-04,-3.297550656460427471e-03,-7.224654575080008412e-03
5.500174522399902344e+00,-1.208574561825318493e-03,-4.017390303172291982e-03,-7.262889177226972484e-03
5.519965410232543945e+00,-1.746856057918235935e-03,-4.609084104432115137e-03,-7.261896418751441831e-03
5.540039539337158203e+00,-2.162520689200015875e-03,-5.008768459493016800e-03,-7.338185748240490074e-03
5.560126543045043945e+00,-2.475363559657517767e-03,-5.557851391393212048e-03,-7.248950890617145669e-03
5.580015659332275391e+00,-2.782254615316028662e-03,-6.142376387665432480e-03,-7.035913260511120898e-03
5.599979400634765625e+00,-2.608069116636869619e-03,-6.472133551631460702e-03,-7.267986089397588008e-03
5.620158910751342773e+00,-2.548680040234398494e-03,-6.721510429209827386e-03,-7.240775446225548341e-03
5.640079736709594727e+00,-2.537269989129538675e-03,-6.611298538753654364e-03,-7.034730064037679129e-03
5.660173892974853516e+00,-2.397617726131348950e-03,-6.578473508904482403e-03,-6.879707607951976618e-03
5.680051565170288086e+00,-2.165163085164317769e-03,-6.167410654914023960e-03,-7.004813028256499929e-03
5.700176954269409180e+00,-1.909732873212530851e-03,-4.536279909171173075e-03,-7.009322625839986727e-03
5.720053195953369141e+00,-1.648822531885018108e-03,-4.666179781670769244e-03,-7.452467953783598921e-03
5.740049600601196289e+00,-1.297902107031598945e-03,-2.652726266386885856e-03,-8.324132039669442790e-03
5.760044574737548828e+00,-9.603565192485927909e-04,-2.181459711794536682e-03,-8.051413982824507862e-03
5.780135869979858398e+00,-5.354797788352234737e-04,-1.918070728179788187e-03,-7.625281674562360210e-03
5.800031661987304688e+00,1.987031202537467914e-06,-1.546958023561768175e-03,-7.210132412148299169e-03
5.820361614227294922e+00,6.907238625650305441e-04,-1.122223729808649595e-03,-6.780512467806251893e-03
5.840057134628295898e+00,1.466752114361659018e-03,-6.962000475965041124e-04,-6.348791705267291079e-03
5.860181093215942383e+00,2.332108084418499372e-03,-2.589644182634208425e-04,-5.934625226684626595e-03
5.879982471466064453e+00,3.239416600434008239e-03,1.799953547529393322e-04,-5.460807106442178670e-03
5.900532245635986328e+00,4.204412133010596714e-03,6.341631191624725120e-04,-4.958223973525102864e-03
5.920078277587890625e+00,5.121589969856489566e-03,1.063377099952899155e-03,-4.470359881182647821e-03
5.940170288085937500e+00,6.056066451130704548e-03,1.523422110700146720e-03,-3.969718080009771062e-03
5.959990262985229492e+00,6.941732939789196921e-03,2.005764285270496619e-03,-3.480775924521343351e-03
5.980185985565185547e+00,7.752989146380513674e-03,2.533734167672662373e-03,-3.040642199334872044e-03
5.999982595443725586e+00,8.419537819229619413e-03,3.055110373700665669e-03,-2.809887691965976767e-03
6.019983530044555664e+00,8.960475280417268262e-03,3.527457831980372951e-03,-2.373431351882919135e-03
6.040016889572144443e+00,9.317663487643776388e-03,4.138693481553561496e-03,-1.992205580120184026e-03
6.060006141662597656e+00,9.463569589001311066e-03,4.706805370406973860e-03,-1.729964448697133769e-03
6.080005645751953125e+00,9.411291571453830884e-03,5.210977972607618025e-03,-1.569385271134630770e-03
6.100150346755980557e+00,9.188851571280819142e-03,5.673745681465683366e-03,-1.509670473756337394e-03
6.120084762573242188e+00,8.832764224487123228e-03,7.431965334968381603e-03,-1.519566983981045488e-03
6.140183448791503906e+00,8.275639060252727719e-03,6.410278044404381370e-03,-1.601855761607433055e-03
6.160054206848144531e+00,7.626247199933371135e-03,6.925724030399097592e-03,-1.795772031215378973e-03
6.180149316787719727e+00,6.901791456511825740e-03,7.438688332392119629e-03,-2.037363049932417076e-03
6.200034618377685547e+00,6.185290276406806703e-03,7.923135591266193545e-03,-2.258132449172741904e-03
6.220018625259399414e+00,5.513191146171162599e-03,8.394635798429854467e-03,-2.507224219727775642e-03
6.240006208419799805e+00,4.933579359821801263e-03,8.807665193412528293e-03,-2.725638765616919534e-03
6.259961843490600586e+00,4.470152178803084991e-03,9.084365881116870933e-03,-2.929635611279100132e-03
6.280151605606079102e+00,4.167686837056042842e-03,1.051626207418918102e-02,-3.056108450198207361e-03
6.299982786178588867e+00,3.990325229580357624e-03,8.980912941991159304e-03,-3.070531800687661614e-03
6.320024013519287109e+00,4.052687824019242727e-03,8.707841343510741572e-03,-3.321715021990560238e-03
6.340149164199829102e+00,4.385374134084438907e-03,9.493725513774968483e-03,-3.586262551274328053e-03
6.360240697860717773e+00,4.838138479208862336e-03,7.357189473935831642e-03,-3.808871394792771523e-03
6.379981756210327148e+00,5.436025058508858060e-03,7.667639880069826441e-03,-4.106462313039011339e-03
6.400018692016601562e+00,6.011099057514047994e-03,5.207086874178524366e-03,-4.227281253068876019e-03
6.420015335083007812e+00,6.575101499686656498e-03,3.982029266406776624e-03,-4.356050302383736306e-03
6.440237760543823242e+00,7.058586887782863223e-03,2.549346086912446067e-03,-4.467519504134443917e-03
6.459974050521850586e+00,7.437313462732811353e-03,1.030328892326223605e-03,-4.561870808842861599e-03
6.480040311813354492e+00,7.755317120432508871e-03,-5.749533955382978706e-04,-4.653007523056531050e-03
6.500144958496093750e+00,8.048503938453979711e-03,-2.196054150455584858e-03,-4.732571052312201966e-03
6.520022630691528320e+00,8.347943174946900746e-03,-3.775736504057290721e-03,-4.806379192088093208e-03
6.540170907974243164e+00,8.704795084777609826e-03,-5.311224623028125424e-03,-4.878025887076495835e-03
6.559992790222167969e+00,9.167038435167439159e-03,-6.710147517280412588e-03,-4.938927363024998157e-03
6.580009698867797852e+00,9.780393835772061006e-03,-7.970355164282592886e-03,-4.987238201390834305e-03
6.599997997283936435e+00,1.053703869755071715e-02,-9.050186225021364383e-03,-5.021170055155392553e-03
6.619997024536132812e+00,1.140748361441357162e-02,-9.945736004268096453e-03,-5.037012688626044642e-03
6.640020132064819336e+00,1.232031321614884128e-02,-1.061396055262190524e-02,-5.022246788493934383e-03
6.660029411315917969e+00,1.322773749378302471e-02,-1.139891429106147658e-02,-5.119707304793561300e-03
6.680073261260986328e+00,1.403224722162278032e-02,-1.158005866738309741e-02,-5.114961644100597844e-03
6.700145959854125977e+00,1.467417263945908212e-02,-1.154321122235561770e-02,-5.130354360880718702e-03
6.720048189163208008e+00,1.512167575527832708e-02,-1.129971898674998754e-02,-5.173655219634240576e-03
6.740138292312622070e+00,1.537992087501745264e-02,-1.086285276366556751e-02,-5.250062299962022019e-03
6.760171890258789062e+00,1.543526028677807971e-02,-1.036414578204040982e-02,-5.265473825098215994e-03
6.779985666275024414e+00,1.541658806961417050e-02,-9.580343912910634085e-03,-5.164864000101259192e-03
6.800026416778564453e+00,1.509400924547488199e-02,-7.059204153785983427e-03,-5.135062259299832607e-03
6.820189714431762695e+00,1.489638416956491629e-02,-7.330127286499760197e-03,-5.042870138565164195e-03
6.840307474136352539e+00,1.470855915975036177e-02,-6.014323127990578444e-03,-5.247675635604307290e-03
6.860033988952636719e+00,1.448610089007546647e-02,-4.563122739360561675e-03,-5.448842751955647670e-03
6.880045175552368164e+00,1.427366332079916394e-02,-3.004603195375633862e-03,-5.654714722630595908e-03
6.900008916854858398e+00,1.403521399705214695e-02,-1.363392087595824420e-03,-5.843753789797081176e-03
6.920018672943115234e+00,1.382749910699963142e-02,2.340715088907201202e-04,-6.021888597715064489e-03
6.939996957778930664e+00,1.362352838651308129e-02,1.745917925573207963e-03,-6.166771458659093923e-03
6.960172176361083984e+00,1.339412855739863933e-02,3.135761377744017420e-03,-6.281873880821310305e-03
6.980003118515014648e+00,1.314362176564110030e-02,4.384569043027364277e-03,-6.394525401097399080e-03
6.999983787536621094e+00,1.279119829231097766e-02,5.484716679704193694e-03,-6.458639811568056208e-03
7.020000696182250977e+00,1.235725863475273245e-02,6.483017431486453111e-03,-6.507099481820587464e-03
7.040139913558959961e+00,1.187301805440473673e-02,8.753631450206120213e-03,-6.544544092215458589e-03
7.059988260269165039e+00,1.124887344433918995e-02,8.113940867033254262e-03,-6.557710462663554618e-03
7.080126523971557617e+00,1.056871357870982353e-02,8.835497979162320117e-03,-6.556120419546129091e-03
7.100144386291503906e+00,9.810974633895387653e-03,9.207305456054262760e-03,-6.654182332804493838e-03
7.120018959045410156e+00,8.973998568488850136e-03,9.588510094945060236e-03,-6.584827121099225827e-03
7.139991760253906250e+00,8.111853076890704339e-03,9.700312811838848748e-03,-6.525895087685618622e-03
7.160218954086303711e+00,7.192799820811796724e-03,9.357005169104933018e-03,-6.414432173946094801e-03
7.179991960525512695e+00,6.334359310616190231e-03,9.853811810575152652e-03,-6.274840480562534489e-03
7.200136661529541016e+00,5.414858562073153470e-03,6.925454870847461142e-03,-6.091470013848524628e-03
7.220004081726074219e+00,4.627140080671336003e-03,4.717140122300421401e-03,-5.991201549790873236e-03
7.239973545074462891e+00,3.856995448477514021e-03,1.634564269276689297e-03,-5.825441817829547786e-03
7.259976863861083984e+00,3.079757786364595643e-03,-2.443699059605272672e-03,-5.568802438766666529e-03
7.280007839202880859e+00,2.250560909707063559e-03,-7.620646493842524183e-03,-5.132925359783435670e-03
7.300135612487792969e+00,1.427937950325583634e-03,-1.394675844747885612e-02,-4.673423346290499214e-03
7.320007324218750000e+00,6.360837157077582106e-04,-2.131505453176847295e-02,-4.182980258829254241e-03
7.339994668960571289e+00,-1.365707329864405614e-04,-2.986482128351835436e-02,-3.571950623280461916e-03
7.359999179840087891e+00,-8.847921380317636669e-04,-3.969804165749787200e-02,-3.166162891838800002e-03
7.380132913589476651e+00,-1.582241399703187071e-03,-5.389060448475260084e-02,-4.837322317625081421e-03
7.400159358978270596e+00,-2.209078819622803391e-03,-6.524031077744101015e-02,-3.715276137601372566e-03
7.420121908187866211e+00,-2.432979168097794409e-03,-7.717653515116226770e-02,-2.912525279912645156e-03
7.439979314804077148e+00,-2.947391324909280630e-03,-8.997789482978107989e-02,-1.726908739374697407e-03
7.459998846054077148e+00,-3.304647068514403319e-03,-1.033122309588860588e-01,-6.640772035845692381e-04
7.480214834213256836e+00,-3.554361396562732978e-03,-1.168943933553141107e-01,3.213646828374178838e-04
7.500056028366088867e+00,-3.659696578530793193e-03,-1.298776378340111559e-01,1.160230555806057370e-03
7.520027637481689453e+00,-3.608695868894106276e-03,-1.420998808600347774e-01,1.955980597940666990e-03
7.540367603302001953e+00,-3.413561506373851556e-03,-1.530308921655946786e-01,2.606252925717653449e-03
7.560215950012207031e+00,-3.077659352329394776e-03,-1.614922382058152639e-01,3.008594815747420853e-03
7.579982042312622070e+00,-2.545318805207279732e-03,-1.670117366562760552e-01,3.619578890327296294e-03
7.600121259689331055e+00,-1.798879978012821526e-03,-1.686822346872852707e-01,4.228864276031474301e-03
7.619988203048706055e+00,-8.479430721066447477e-04,-1.653474377218127067e-01,4.781654248505993327e-03
7.639999866485595703e+00,3.244664809193831267e-04,-1.557459443175269742e-01,5.267859495524104124e-03
7.660010814666748047e+00,1.789905550080831201e-03,-1.385035209153452906e-01,5.680610382737243808e-03
7.680057287216185635e+00,3.617486546148469817e-03,-1.107286681185059574e-01,6.023175413513118248e-03
7.700071334838867188e+00,5.779188541829238801e-03,-7.502725362851103696e-02,6.272898432840602612e-03
7.720190048217773438e+00,8.458657974369281074e-03,-2.523372462791562132e-02,6.441634034416700294e-03
7.740050792694091797e+00,1.166535113236270849e-02,3.784804110658734899e-02,6.472047037163648764e-03
7.760150194168090820e+00,1.555196295328088729e-02,1.174959582361979060e-01,6.450710495544520473e-03
7.780007839202880859e+00,2.008608621039983944e-02,2.149068457230766671e-01,6.283161289108621372e-03
7.799983978271484375e+00,2.533038062126277690e-02,3.290806171322088192e-01,5.918124059705209827e-03
7.820309162139892578e+00,3.150504986416785558e-02,4.677549300441257163e-01,5.382114264518490787e-03
7.840115547180175781e+00,3.829790163706320305e-02,6.243587068576172960e-01,4.702636743465132829e-03
7.860179424285888672e+00,4.583718311365006515e-02,8.053636020999762613e-01,3.818686699994517167e-03
7.880085706710815430e+00,5.392117112850497440e-02,1.007401534094927831e+00,2.606453785392757669e-03
7.900188922882080078e+00,6.156094305948550671e-02,1.205898349626551624e+00,2.295530853361413270e-03
7.920013666152954102e+00,6.868273262684410074e-02,1.389571769756836161e+00,2.570317186879007842e-03
7.939996957778930664e+00,7.584922845395369873e-02,1.562590422241050270e+00,1.997570039777879503e-03
7.960161924362182617e+00,8.234005313839365403e-02,1.740537171403186312e+00,7.458751890140891128e-04
7.980035066604614258e+00,8.790379792478419940e-02,1.918504919160293198e+00,-8.760488441644787017e-05
8.000002622604370117e+00,9.191093241111497614e-02,2.107198921714130702e+00,1.106504026139959462e-03
8.019996881484985352e+00,9.344824526430345335e-02,2.277563293926283094e+00,8.827216769861645496e-04
8.040516614913940430e+00,9.445265528395718757e-02,2.447210918681604674e+00,7.101107625054892125e-04
8.060016632080078125e+00,9.537049197197838835e-02,2.566981381356074898e+00,3.304256422521412162e-03
8.080006122589111328e+00,9.582947036458705492e-02,2.657037748539577748e+00,2.437225476345783459e-03
8.100013494491577148e+00,9.260130532163329820e-02,2.717060913567838298e+00,4.315425110884452131e-03
8.120030641555786133e+00,8.835115005565508106e-02,2.729279951338230426e+00,8.584832625947447227e-03
8.140139341354370117e+00,8.308609305546610369e-02,2.703211165756412626e+00,1.216592094930835088e-02
8.160005807876586914e+00,7.555055831377510689e-02,2.605896093004909098e+00,1.405530587622783045e-02
8.180130004882812500e+00,6.608657665719941399e-02,2.458143874721249844e+00,1.245631439685968012e-02
8.199985742568969727e+00,5.777849141478652584e-02,2.271630828100295929e+00,2.003221146957645526e-02
8.219992876052856445e+00,4.620180813432200884e-02,2.048726568105756485e+00,2.203904389837019195e-02
8.240164279937744141e+00,3.769596500233420022e-02,1.848292018527008196e+00,2.565999697485266129e-02
8.260025978088378906e+00,2.811413112839461492e-02,1.669163598152085370e+00,2.665040878938351732e-02
8.280164957046508789e+00,1.824896804920320137e-02,1.476242491556057246e+00,2.716956301049222589e-02
8.299972057342529297e+00,1.405511467127835978e-02,1.283813284452801184e+00,3.485407765072046082e-02
8.320140600204467773e+00,1.544472914719044465e-02,1.212425377558859374e+00,4.533335924483672397e-02
8.340008735656738281e+00,1.848110914694151008e-02,1.295054584861349056e+00,4.724380764247337883e-02
8.360096693038940430e+00,2.431815204359652483e-02,1.501489820414928289e+00,4.247722894977767893e-02
8.379987001419067383e+00,3.485383259872082418e-02,1.722603530599092103e+00,3.372383348082663712e-02
8.400207996368408203e+00,4.014442025357001231e-02,1.877229995469214430e+00,2.812156425043249586e-02
8.420126914978027344e+00,5.171734830201121791e-02,1.925955630268723517e+00,1.386610558551687467e-02
8.440014839172363281e+00,6.478037709434025793e-02,1.885705456661041168e+00,-4.045856669671055172e-03
8.459966182708740234e+00,7.133485606266670720e-02,1.807253488035396316e+00,-1.247788813644951089e-02
8.480008840560913086e+00,7.492833174536067675e-02,1.724575056196105294e+00,-2.581329038340862692e-02
8.500148773193359375e+00,7.553470463726069672e-02,1.700959327822797018e+00,-3.982594524185728568e-02
8.520092725753784180e+00,7.605007921188944309e-02,1.665865509869607575e+00,-3.337839352503291224e-02
8.540407419204711914e+00,7.581264708139456854e-02,1.657459225016908899e+00,-3.449975220062567738e-02
8.560003757476806641e+00,7.281124250737758263e-02,1.684659809969851096e+00,-3.118775823040331741e-02
8.580246925354003906e+00,6.960453549472356283e-02,1.719002772604891760e+00,-3.542114932014295281e-02
8.600028038024902344e+00,6.370750356781129664e-02,1.761864557056486813e+00,-3.773974752590403270e-02
8.619967460632324219e+00,5.995739119717946597e-02,1.858261072383628587e+00,-4.383482959341722385e-02
8.640000343322753906e+00,5.107616439446027723e-02,1.924871647304447819e+00,-4.839491599772371977e-02
8.660037517547607422e+00,4.302505319679128526e-02,2.043004456329959417e+00,-4.855157017435690614e-02
8.680043697357177734e+00,3.706494126712633896e-02,2.148354823469772246e+00,-5.413130944780938925e-02
8.700033903121948242e+00,2.841808912678467358e-02,2.271107408345988343e+00,-5.984072222773670346e-02
8.720077991485595703e+00,2.226237330946156945e-02,2.400211988988462330e+00,-5.331388314166385367e-02
8.740064382553100586e+00,2.100283905835609310e-02,2.489058551483534387e+00,-5.479976726235757933e-02
8.759974241256713867e+00,1.371589831904085344e-02,2.525226835072788667e+00,-5.228021062418325426e-02
8.780035257339477539e+00,1.617188923046297688e-03,2.358999089914131542e+00,-4.518284323820523363e-02
8.800026655197143555e+00,-7.486553176663912623e-03,2.186117140566914419e+00,-4.387152422613505021e-02
8.820187330245971680e+00,-1.664263558417111710e-02,1.948614840509452772e+00,-4.120531594813320320e-02
8.840186357498168945e+00,-2.794410157867655009e-02,1.647082266747780466e+00,-2.475067577238865280e-02
8.859984159469604492e+00,-3.364732243952051061e-02,1.279395972561197858e+00,-2.062057681567991407e-02
8.880144357681274414e+00,-3.625742843152146566e-02,8.382327928262451877e-01,-1.498857361487337947e-02
8.900046348571777344e+00,-3.872030845768470453e-02,3.816666585327395111e-01,-4.517672636817626763e-03
8.920146226882934570e+00,-3.807106424289696811e-02,-1.272649617270937838e-01,-2.479136808704041073e-03
8.940041303634643555e+00,-3.790638529138001811e-02,-6.533031310600811992e-01,3.582461573934825338e-03
8.959968090057373047e+00,-3.941700507558887345e-02,-1.168962581419632940e+00,7.106035250890263555e-03
8.979996919631958008e+00,-4.173863532792720932e-02,-1.627235064315052604e+00,1.683743064522857935e-02
9.000019073486328125e+00,-4.860906001265496990e-02,-2.006482131021488868e+00,2.184237249996467956e-02
9.019988298416137695e+00,-5.493575133328143512e-02,-2.236502443677909291e+00,2.363963255376033690e-02
9.040252685546876776e+00,-6.207650600656244855e-02,-2.381738133188003204e+00,2.259373147519194713e-02
9.060267686843872070e+00,-7.109066281045328672e-02,-2.446362615813931995e+00,2.969285392583165262e-02
9.080022335052490234e+00,-8.064226086880355027e-02,-2.424058940822437336e+00,2.660735098229027873e-02
9.100182533264160156e+00,-9.306187894358819435e-02,-2.377954770337487922e+00,2.835842414464928574e-02
9.120112895965576172e+00,-1.097639563074900293e-01,-2.368720177991035847e+00,3.276308677985184659e-02
9.139967203140260565e+00,-1.265325780612249762e-01,-2.386896027224300276e+00,2.916642628495103029e-02
9.160111665725708008e+00,-1.472776098033957703e-01,-2.511488252878686822e+00,2.970535572831023430e-02
9.180005788803100586e+00,-1.691384480447017946e-01,-2.703879592263970011e+00,3.127624888480728949e-02
9.200142860412597656e+00,-1.921638635774549630e-01,-2.850449948394629729e+00,3.733443195137131632e-02
9.220041990280151367e+00,-2.133795403289187043e-01,-2.984230389738412370e+00,4.051974311951456187e-02
9.240026235580444336e+00,-2.334597367067061668e-01,-3.123826792396477536e+00,4.804865252607126713e-02
9.260134935379028320e+00,-2.510482956348554229e-01,-3.188426731888931887e+00,5.381173094017965841e-02
9.280031681060792792e+00,-2.642672500310823125e-01,-3.176080898975436995e+00,5.043321150620405646e-02
9.300147771835327148e+00,-2.751821102621283543e-01,-3.130757107026114205e+00,5.513903355262994577e-02
9.319973468780517578e+00,-2.838323947696166361e-01,-2.964767026019578644e+00,5.744323162684328299e-02
9.339972496032716620e+00,-2.908274968634343427e-01,-2.723148658537699607e+00,4.959547043452233739e-02
9.360049009323120117e+00,-2.953766735254161890e-01,-2.403094740099329663e+00,4.027204073346543622e-02
9.380129814147949219e+00,-2.965919293464072126e-01,-1.929155532966993380e+00,4.067365556864974141e-02
9.400029897689819336e+00,-2.942978833747371681e-01,-1.237360848271246372e+00,2.778969636614364580e-02
9.420107603073120117e+00,-2.867853554310377806e-01,-2.727371152945372579e-01,6.698520054721227024e-03
9.439973115921020508e+00,-2.731945867293632535e-01,8.743062493402291580e-01,-1.237276001234843825e-02
9.460034370422363281e+00,-2.603534774028368748e-01,1.466874104930813161e+00,-4.926740575521643128e-02
9.480021953582763672e+00,-2.562755207634592747e-01,6.267906208313691607e-01,-3.065982172220566015e-02
9.500018835067747247e+00,-2.572559626167032487e-01,-2.404573936475564722e-01,-9.944692325705384306e-03
9.520021200180053711e+00,-2.513543499554751204e-01,-8.744301422180571493e-01,2.082373349847194133e-02
9.540054559707641602e+00,-2.408949832758440213e-01,-1.169364675666673570e+00,4.757314881495278147e-02
9.560270309448242188e+00,-2.252148335970631798e-01,-1.244999439670002594e+00,6.943685579220248982e-02
9.580206871032716620e+00,-2.017137203969090464e-01,-1.284829032178329555e+00,7.454233131469484297e-02
9.600276231765748847e+00,-1.743776818470718082e-01,-1.301821984958824174e+00,7.171928286161022292e-02
9.620037317275999200e+00,-1.514301446677016605e-01,-1.314839391973728233e+00,7.588874746541740546e-02
9.640105962753295898e+00,-1.261989271328572970e-01,-1.346338702772522211e+00,7.280205583597598729e-02
9.660185337066650391e+00,-1.000228597349854809e-01,-1.391178903021099700e+00,6.679211296512377327e-02
9.680203676223756659e+00,-7.156020627733045147e-02,-1.550869560744301268e+00,6.178800439174364501e-02
9.700091838836669922e+00,-4.297559121973626439e-02,-1.699583806126472751e+00,5.556825710206170221e-02
9.720173597335815430e+00,-1.428705658570664228e-02,-1.774955290233910077e+00,4.737903783026431448e-02
9.740094423294067383e+00,1.322128040421822331e-02,-1.809939559162664580e+00,4.583285678427295728e-02
9.760095357894895685e+00,4.294381424619106435e-02,-1.835815433182322209e+00,4.624857593447795345e-02
9.780080556869508612e+00,7.549537650599463801e-02,-1.870934878719488381e+00,4.971466955252623610e-02
9.800133943557739258e+00,1.104088270080563761e-01,-1.890390364503797827e+00,4.906420699010127784e-02
9.820191144943235528e+00,1.475948163618157061e-01,-1.899300250247421218e+00,4.051592488339661458e-02
9.840228319168090820e+00,1.782109647316307832e-01,-1.924327176286064756e+00,4.319364225944699598e-02
9.860087394714355469e+00,2.071695666200257246e-01,-1.991834465718584468e+00,4.620535096838385147e-02
9.880208015441896308e+00,2.351247496350024058e-01,-2.065079967097172897e+00,4.680848631148237793e-02
9.900063276290893555e+00,2.598805742438397015e-01,-2.173128924206277901e+00,5.264860482455580026e-02
9.920172452926635742e+00,2.801971505344054147e-01,-2.278510229647157104e+00,6.035027225993483402e-02
9.940047025680541992e+00,2.948234110755125759e-01,-2.349642355905157132e+00,6.593678341791686659e-02
9.960040092468261719e+00,3.007189442705096027e-01,-2.377889810598217579e+00,6.769752783753535397e-02
9.980171918869020331e+00,3.049650686119389498e-01,-2.372796439415846947e+00,6.712246660420484456e-02
1.000002384185791016e+01,3.074837019208893629e-01,-2.359312932281021347e+00,6.584298668344312766e-02
1.002014803886413574e+01,3.020715181679960448e-01,-2.331527926239429505e+00,6.618889608956857185e-02
1.004008889198303223e+01,2.907313561317175221e-01,-2.275422486265778588e+00,6.522568066189537994e-02
1.006017255783081055e+01,2.741858031493349390e-01,-2.184827412478721698e+00,6.352112747383376057e-02
1.008005404472351074e+01,2.527238469497155027e-01,-2.099660557348984824e+00,5.941340042568910018e-02
1.010022211074829279e+01,2.236203829392224840e-01,-2.025137681908329768e+00,5.485637140321908412e-02
1.012039399147033514e+01,1.902646022837696238e-01,-1.951481784914509632e+00,4.875832763929222047e-02
1.014026165008544922e+01,1.530609032724391527e-01,-1.872639696158850953e+00,4.163778204837642605e-02
1.016018939018249512e+01,1.120814383327366492e-01,-1.787554713387333294e+00,3.373104418549377481e-02
1.018017959594726562e+01,7.031877123372537453e-02,-1.700290233470836299e+00,2.574127717690521955e-02
1.020018267631530762e+01,2.931809592378578633e-02,-1.605255508345852178e+00,1.869702318969035382e-02
1.022006487846374334e+01,-9.620122626092051515e-03,-1.511743814818756526e+00,1.241273816608645664e-02
1.024005961418152033e+01,-4.533260118753157375e-02,-1.413462353226616841e+00,5.980404066224687121e-03
1.025995802879333674e+01,-7.674085078519743419e-02,-1.311875977677848581e+00,4.628902746320884276e-04
1.028007841110229670e+01,-1.039057980365347134e-01,-1.215889622622357891e+00,-3.978940819059639811e-03
1.030014848709106445e+01,-1.254828950154329714e-01,-1.126287187497431397e+00,-7.758243078274051907e-03
1.031998610496520996e+01,-1.406417255136321875e-01,-1.040585616393447488e+00,-1.060292782671229395e-02
1.033997750282287598e+01,-1.498960869725708411e-01,-9.572432316845773670e-01,-1.269446216284125795e-02
1.036016511917114435e+01,-1.516506693951631402e-01,-8.775403270999833083e-01,-1.374341765858871911e-02
1.038021087646484375e+01,-1.467974351836467406e-01,-8.016265380654949979e-01,-1.379583311232185361e-02
1.040005445480346857e+01,-1.359260881579050784e-01,-7.298001385118695339e-01,-1.254692208260466124e-02
1.042024517059326172e+01,-1.195352252851226704e-01,-6.564962172211585845e-01,-1.034036019722933686e-02
1.044012427330017267e+01,-9.912519639377048719e-02,-5.891247392399314720e-01,-7.398728609405574863e-03
1.046011519432068049e+01,-7.468872107016533146e-02,-5.230909312741385264e-01,-3.864191774095915299e-03
1.047998213768005371e+01,-4.797605671623056400e-02,-4.585634987533042661e-01,3.493114065695190895e-04
1.050012612342834473e+01,-1.937630522313762982e-02,-3.983463603638000006e-01,5.082500239095594230e-03
1.052014708518981934e+01,9.548582321060719580e-03,-3.394420514501352848e-01,9.907555719285698892e-03
1.053995823860168457e+01,3.736304306969626121e-02,-2.828549918671658947e-01,1.455459968522686276e-02
1.056001877784729004e+01,6.345988758599296897e-02,-2.268040695784636629e-01,1.893903370005175363e-02
1.058010911941528320e+01,8.664013518845870010e-02,-1.741740475950818157e-01,2.286851173041763025e-02
1.060004425048827947e+01,1.056870418522717903e-01,-1.199171415639301852e-01,2.597609717787263683e-02
1.062003493309020996e+01,1.205286302550315769e-01,-6.949576262566042884e-02,2.835291524828395526e-02
1.064021730422973633e+01,1.301114169599298931e-01,-1.867177120651612038e-02,2.922339270833374664e-02
1.066005158424377441e+01,1.346119967056811362e-01,3.263433396564394129e-02,2.954166023561119458e-02
1.068007373809814453e+01,1.336467495814426254e-01,8.375821116566728453e-02,2.859746814667191162e-02
1.070007824897765936e+01,1.283960692572632123e-01,1.351150654179406052e-01,2.651723121909442538e-02
1.072027850151062012e+01,1.175490980373952166e-01,1.881557204938606453e-01,2.352618275588314045e-02
1.074007034301757812e+01,1.014091420621787698e-01,2.415927515913607326e-01,1.971547143229236687e-02
1.076001667976379395e+01,8.145726936204161772e-02,2.973378782167026557e-01,1.504048477937039441e-02
1.078003764152526855e+01,5.902440806582134880e-02,3.550590732518983383e-01,9.810543424815909574e-03
1.080025148391723633e+01,3.436924267119817467e-02,4.151939103036337286e-01,4.093322475106020431e-03
1.082014465332031250e+01,9.387270589078563349e-03,4.774014160755060132e-01,-1.534152233405083887e-03
1.084015965461730957e+01,-1.551503530584291690e-02,5.432735387478295763e-01,-7.494818357549504206e-03
1.085995888710021973e+01,-3.918252128173937976e-02,6.108296749330319741e-01,-1.286771198492667190e-02
1.088006138801574885e+01,-6.093417703506842642e-02,6.827763118573892953e-01,-1.817909188244568042e-02
1.090008544921875000e+01,-7.993316866854371927e-02,7.573110507154869886e-01,-2.276992157157506358e-02
1.092005753517150879e+01,-9.544568712201018101e-02,8.359529110907795157e-01,-2.685686937190773227e-02
1.094016861915588379e+01,-1.076470424899432787e-01,9.182278014918630049e-01,-3.018119269392793846e-02
1.096004676818847656e+01,-1.169464712234952186e-01,1.003313177430930736e+00,-3.287544442856643601e-02
1.098003530502319158e+01,-1.223890166537286994e-01,1.092422552944236180e+00,-3.492070380711209676e-02
1.100005054473876953e+01,-1.235073544792644196e-01,1.185427122875345241e+00,-3.636043462431265416e-02
1.102001190185546875e+01,-1.218234871939680719e-01,1.281534347316490852e+00,-3.700042978636752800e-02
1.104001975059509277e+01,-1.176276341232713740e-01,1.381035438539858440e+00,-3.724145679094925665e-02
1.106011843681335449e+01,-1.118186879165904424e-01,1.483440490577334181e+00,-3.698111166235273917e-02
1.108004927635192871e+01,-1.057671851307278033e-01,1.585362507838854462e+00,-3.641933272723435477e-02
1.109998726844787598e+01,-1.002486173077887788e-01,1.690067955710194525e+00,-3.575182482762451208e-02
1.112015414237976074e+01,-9.636993436793500623e-02,1.794348608623229424e+00,-3.477681631210982616e-02
1.114003658294677557e+01,-9.500922983408655043e-02,1.896327713879299992e+00,-3.367625273816765574e-02
1.116000580787658869e+01,-9.705768336672332408e-02,1.996845846035348870e+00,-3.269831233926490111e-02
1.118008732795715154e+01,-1.026990534861462745e-01,2.095217506940306507e+00,-3.156549660655538769e-02
1.120003461837768555e+01,-1.126587578091541308e-01,2.187544818176618833e+00,-3.082641785835826820e-02
1.122002840042114435e+01,-1.269882762625479389e-01,2.274309656686350323e+00,-2.980281228749137590e-02
1.124003458023071111e+01,-1.454493710613350421e-01,2.351696986246352594e+00,-2.839897866984086860e-02
1.126003217697143555e+01,-1.670916632336126861e-01,2.419119770391635171e+00,-2.741653556607315245e-02
1.128014087677001953e+01,-1.914598255472244048e-01,2.473667772114062302e+00,-2.581848126479102667e-02
1.130002403259277166e+01,-2.165387580782411892e-01,2.513031338117729163e+00,-2.353119006108417288e-02
1.132005310058593750e+01,-2.396340057398613776e-01,2.535018334130397122e+00,-2.124625782886702119e-02
1.134005260467529119e+01,-2.610045638005344948e-01,2.529274342185937385e+00,-1.710878176834951248e-02
1.136028623580932617e+01,-2.792336372703092540e-01,2.512924337412970388e+00,-1.287757594134664174e-02
1.138011074066161932e+01,-2.935815058322734927e-01,2.507158016959241564e+00,-1.461020805611346063e-02
1.140016961097717285e+01,-3.099988339394856851e-01,2.476236833218978362e+00,-1.906531343090145381e-02
1.142007017135619940e+01,-3.207245930666460243e-01,2.411727739661053249e+00,-1.471062992831451144e-02
1.144003772735595525e+01,-3.311024425578528163e-01,2.315684744193211131e+00,-6.672038612365760457e-03
1.146005725860595525e+01,-3.405478424983667818e-01,2.206834320674030181e+00,2.431405816401555064e-03
1.148004412651062012e+01,-3.378780289979179674e-01,2.089277540189703686e+00,9.290691289345232029e-03
1.150015878677368164e+01,-3.241364719414163709e-01,1.951066124419600811e+00,2.022096906533377147e-02
1.152004146575927557e+01,-3.027934797021476498e-01,1.809087020724508221e+00,2.986077585931534717e-02
1.154005098342895685e+01,-2.757141751262703888e-01,1.665897790932811873e+00,3.524413987338859133e-02
1.156019306182861150e+01,-2.442015958856400548e-01,1.518776959699027707e+00,3.918100240381294785e-02
1.158001995086669922e+01,-2.068924491146868494e-01,1.368450491021508952e+00,4.141387352838848956e-02
1.160005712509155273e+01,-1.661224108158544377e-01,1.214770990485128266e+00,4.204564469359783896e-02
1.162014079093933283e+01,-1.238108960318964336e-01,1.057125147694794265e+00,4.162005516673239480e-02
1.164007377624511541e+01,-8.151918370918204149e-02,8.965809504541439878e-01,4.077052411560727618e-02
1.166014862060546875e+01,-3.883899483003105946e-02,7.330766509653545704e-01,3.966351780277418970e-02
1.168006443977355957e+01,2.517877037033808274e-03,5.731561443972705838e-01,3.867818938976549936e-02
1.170016360282897949e+01,4.246494419438090473e-02,4.159111085749813697e-01,3.445491242494319595e-02
1.172012305259704590e+01,7.974914147122347252e-02,2.558486926864740330e-01,3.008821876592876476e-02
1.174007678031921387e+01,1.155664168358225830e-01,9.842124723751255466e-02,2.544799918484382320e-02
1.176004672050476074e+01,1.455087575466510463e-01,-6.090290790038413449e-02,2.099896072145893133e-02
1.178006768226623535e+01,1.670031155163740344e-01,-2.197876776609551941e-01,1.674608262517900126e-02
1.180002927780151367e+01,1.808754131628341755e-01,-3.783469412279951705e-01,1.301452670803479594e-02
1.182012343406677246e+01,1.896327124745169623e-01,-5.379165735196851372e-01,1.040988310889751078e-02
1.184008002281188965e+01,1.930784776800350544e-01,-6.981954440161985964e-01,8.251538398552638043e-03
1.186003041267395020e+01,1.918137410381908214e-01,-8.557607355086993550e-01,6.350493204720975005e-03
1.188005566596984863e+01,1.861959274522687613e-01,-1.012460121553043990e+00,6.145312936516489355e-03
1.190005135536193848e+01,1.776761374525834825e-01,-1.164305736819128967e+00,6.714357074341814613e-03
1.192029237747192383e+01,1.678424992817972861e-01,-1.316739356818013462e+00,7.490562218368079783e-03
1.194003462791442871e+01,1.582658009896912299e-01,-1.460398001680775160e+00,8.697781144473171189e-03
1.196004319190979004e+01,1.490786804487055361e-01,-1.601803662871642331e+00,1.051231241271011196e-02
1.198002195358276367e+01,1.416238578592622366e-01,-1.733285698164911182e+00,1.282601487546641827e-02
1.200012731552124023e+01,1.375689658805270277e-01,-1.855720019457153924e+00,1.523855569306598046e-02
1.202004599571228027e+01,1.372410688998088046e-01,-1.968778191608448580e+00,1.845661327166392418e-02
1.204003143310546875e+01,1.424799377671752687e-01,-2.071879579810348204e+00,2.197603304933792856e-02
1.206027221679687678e+01,1.526329527940001318e-01,-2.159086261568159415e+00,2.568264504365824763e-02
1.208015322685241522e+01,1.683032215316189184e-01,-2.231316142410440406e+00,3.021329890435897614e-02
1.210020041465759277e+01,1.868546069946778188e-01,-2.287122730048078978e+00,3.454663114695644133e-02
1.212000870704650879e+01,2.050585616913777054e-01,-2.318332847285921261e+00,3.916888330445245092e-02
1.214000582695007147e+01,2.232530550799642910e-01,-2.341960228071716443e+00,4.422545918934672748e-02
1.216004347801208318e+01,2.459288127781802391e-01,-2.352563637801758034e+00,4.925410053874068605e-02
1.218004679679870605e+01,2.700476402991116576e-01,-2.338368888929826639e+00,5.267911811133929589e-02
1.220004749298095525e+01,2.965257959137037602e-01,-2.311095023154663863e+00,5.449385087164815289e-02
1.222014212608337402e+01,3.217848808222043555e-01,-2.268466111387349216e+00,5.914812181727591156e-02
1.224021649360656738e+01,3.453882428328713949e-01,-2.211340956546079539e+00,6.266233627983064380e-02
1.226012992858886719e+01,3.658860541994715110e-01,-2.127534680477154438e+00,6.628834057107990674e-02
1.228001570701599121e+01,3.776682096882721940e-01,-2.018216947267472250e+00,6.809804432342569935e-02
1.230002570152282715e+01,3.782154963977468753e-01,-1.897669589189344919e+00,6.785820645049311928e-02
1.232011008262634455e+01,3.683463846600758540e-01,-1.769924254261930230e+00,6.450320127574393769e-02
1.234010052680969238e+01,3.484750935248834836e-01,-1.643223039354658965e+00,5.989436144371690363e-02
1.236005997657776057e+01,3.201759909913777236e-01,-1.514696232105601226e+00,5.391998236116890553e-02
1.238014101982116877e+01,2.840744583665810730e-01,-1.386679034221557139e+00,4.788248868109223899e-02
1.240000009536743164e+01,2.419792295709322083e-01,-1.260201498808459775e+00,4.149131106206555009e-02
1.241998624801635565e+01,1.941494370152425653e-01,-1.130790183236997315e+00,3.443785854794656487e-02
1.244003891944885254e+01,1.420523932076626084e-01,-9.959156059916987047e-01,2.630818404416834788e-02
1.246001601219177246e+01,8.792482608446072767e-02,-8.609662218406413103e-01,1.763958557614597744e-02
1.248003101348876953e+01,3.292991095881026009e-02,-7.244172341750303445e-01,8.608671795726774434e-03
1.250003433227539062e+01,-2.101646568995933773e-02,-5.872598269011177763e-01,-4.741670564449296243e-04
1.252000069618225275e+01,-7.274144415423977605e-02,-4.517663898156172309e-01,-9.090874986593666662e-03
1.253999257087707520e+01,-1.200661776312287321e-01,-3.148281563718733356e-01,-1.716042290889641109e-02
1.256026124954223633e+01,-1.629712843314087278e-01,-1.738246507556411302e-01,-2.417952013718578652e-02
1.258014893531799139e+01,-1.952532209644812777e-01,-3.883898564828425215e-02,-3.007183569749193042e-02
1.260004353523254395e+01,-2.191280920076509320e-01,9.856901022439301663e-02,-3.514246540871872326e-02
1.262015295028686346e+01,-2.343866902045637080e-01,2.369347420147556171e-01,-3.885588029915573727e-02
1.264005732536315918e+01,-2.420021333159354526e-01,3.721440058656291239e-01,-4.131200892594145968e-02
1.266021800041198730e+01,-2.412839579709611382e-01,5.100481783000270219e-01,-4.292359633120236551e-02
1.268000721931457520e+01,-2.333642930901642654e-01,6.462013752088560103e-01,-4.337270780885035815e-02
1.270004868507385254e+01,-2.184014289482112403e-01,7.816085271505643917e-01,-4.237706422106612969e-02
1.272015643119812012e+01,-1.984175310980753615e-01,9.184841872338864732e-01,-4.117667142602116082e-02
1.274009346961975275e+01,-1.759458118716741293e-01,1.051418126720881752e+00,-3.940018948634421703e-02
1.276024222373962402e+01,-1.525969005243564824e-01,1.183382104591157891e+00,-3.689931764357801125e-02
1.278023743629455566e+01,-1.304122447459556966e-01,1.313209700987737705e+00,-3.395608760623358702e-02
1.280005478858947754e+01,-1.109330642215533569e-01,1.437890993092671543e+00,-3.076183990620440234e-02
1.282030296325683594e+01,-9.513724683410490490e-02,1.559474639188579204e+00,-2.741523400780832009e-02
1.284028935432434082e+01,-8.588133979938589180e-02,1.675683759554280172e+00,-2.432128755559592737e-02
1.286035513877868830e+01,-8.327674822074881966e-02,1.783968611644295876e+00,-2.102609755368478606e-02
1.288008880615234375e+01,-8.793596243264456547e-02,1.882339219554021170e+00,-1.771983758229545014e-02
1.290004491806030451e+01,-1.002449555894200373e-01,1.968790471621961302e+00,-1.494725829861343058e-02
1.292003703117370605e+01,-1.214442865935205784e-01,2.042118918272551653e+00,-1.227881384569062817e-02
1.294013071060180842e+01,-1.494804186269210744e-01,2.101869089057883500e+00,-9.365814385067339209e-03
1.296013617515563965e+01,-1.825993694795792210e-01,2.143261285100566127e+00,-6.245604544202754127e-03
1.298002910614013672e+01,-2.181172193661962133e-01,2.162667709331314470e+00,-3.194920365456099809e-03
1.300013685226440430e+01,-2.554058512252010971e-01,2.158645794783682348e+00,2.257813260774788056e-03
1.302003979682922363e+01,-2.911800336259224853e-01,2.150726243189273745e+00,4.233265579889566865e-03
1.304003882408141912e+01,-3.230769271092084338e-01,2.131487540919836832e+00,5.609367646866147972e-03
1.306041193008422852e+01,-3.515569883577926991e-01,2.080246903528257363e+00,7.697075418753973608e-03
1.308006668090820312e+01,-3.711146585133171527e-01,2.002660298371946368e+00,1.004966584422872788e-02
1.310014963150024414e+01,-3.841663726308619520e-01,1.898412456309035434e+00,1.757528477329362016e-02
1.312004303932189941e+01,-3.941754881907051367e-01,1.783226414589394793e+00,2.702256294258609248e-02
1.314015722274780451e+01,-3.969635997967306817e-01,1.649925922034743309e+00,3.593617653904568332e-02
1.316006755828857422e+01,-3.883393866779054626e-01,1.501766527166354059e+00,4.675338473213497270e-02
1.318005418777465820e+01,-3.654052467774757673e-01,1.346024124964083413e+00,5.923311672829523200e-02
1.320015215873718439e+01,-3.329126019475001641e-01,1.179233504200173144e+00,6.968211379899502678e-02
1.322004389762878418e+01,-2.927886666117884840e-01,1.010039713213503276e+00,7.594559535761624680e-02
1.324003052711486816e+01,-2.446687014217245881e-01,8.341712561097542888e-01,8.055354741205222879e-02
1.326004695892333984e+01,-1.877461508248040589e-01,6.546386015465537334e-01,8.236884275386088805e-02
1.328018760681152344e+01,-1.261872200792901744e-01,4.700776028885282898e-01,8.347570016823085970e-02
1.330004596710205078e+01,-6.859729775289752363e-02,2.865820874367359661e-01,8.269867631364569149e-02
1.332006311416625977e+01,-7.911467034666858078e-03,1.014004699920213470e-01,8.102973849191612288e-02
1.334004259109497070e+01,5.442172477884141268e-02,-8.297110400408996833e-02,7.833231470351929848e-02
1.336003208160400391e+01,1.122577476048867706e-01,-2.617977907837059082e-01,7.448257860949758502e-02
1.338002014160156250e+01,1.676213544215781059e-01,-4.369981342573445726e-01,6.840085951842329870e-02
1.340005326271057129e+01,2.201165025443447831e-01,-6.114506119985554378e-01,6.064850461387016889e-02
1.342004227638244629e+01,2.680882142608578267e-01,-7.769581337879598593e-01,5.247365360115557875e-02
1.344013500213623047e+01,3.074721491811016616e-01,-9.402862648961223258e-01,4.385976599875335280e-02
1.346004486083984375e+01,3.341665724661238013e-01,-1.096372131546858419e+00,3.561120070884893352e-02
1.348002529144287287e+01,3.524384639775848260e-01,-1.240918880172181105e+00,2.839746069021037433e-02
1.350003790855407537e+01,3.634519930995183667e-01,-1.379400747962836071e+00,2.212198920318320106e-02
1.352003431320190430e+01,3.674641355633383455e-01,-1.507982447977481044e+00,1.601657630678210431e-02
1.354004049301147639e+01,3.643686237849106391e-01,-1.626726716651150539e+00,1.217054411989715312e-02
1.356001448631286621e+01,3.585294880894771552e-01,-1.725795426295167800e+00,1.044708643173708484e-02
1.358003830909729004e+01,3.486898062105581175e-01,-1.810282134556688405e+00,1.123583045296683292e-02
1.360002541542053223e+01,3.376904621628509240e-01,-1.875004822294094708e+00,1.374200469685338266e-02
1.362033891677856445e+01,3.258895498300315996e-01,-1.916244395598813099e+00,1.632792155148676816e-02
1.364009189605712713e+01,3.077613416185789319e-01,-1.934533920181573663e+00,1.896780958356014679e-02
1.366016077995300471e+01,2.873924359487656233e-01,-1.943379416700004469e+00,2.151818191210130848e-02
1.368007016181945801e+01,2.720311496530709583e-01,-1.934041627074622127e+00,2.453551989442015469e-02
1.370016551017761230e+01,2.634984581644543855e-01,-1.904325194390361631e+00,2.895065887950820649e-02
1.372009348869323553e+01,2.604891978461116864e-01,-1.857798343019933185e+00,3.683487235286597716e-02
1.374018311500549139e+01,2.599614486559955751e-01,-1.797522316469027714e+00,4.363647792385894064e-02
1.376007223129272461e+01,2.638087746452861815e-01,-1.711631693382580366e+00,4.736675797015676981e-02
1.378014564514160156e+01,2.684271753390954363e-01,-1.598145505535222277e+00,4.926488077000390486e-02
1.380005121231079279e+01,2.721888143653750092e-01,-1.468771541205221354e+00,5.136474430242793376e-02
1.382003760337829590e+01,2.734013803001134058e-01,-1.330993527931680021e+00,5.030250576618267022e-02
1.384009814262389959e+01,2.709048997488225918e-01,-1.181439180333335059e+00,4.764545979707085488e-02
1.386004757881164551e+01,2.658995422760284111e-01,-1.030333172633915773e+00,4.476790173399536332e-02
1.388006615638732733e+01,2.582320175914940563e-01,-8.717125668616887424e-01,4.158047371212031385e-02
1.390043115615844727e+01,2.476885220886000383e-01,-7.104072606288993619e-01,3.936534742240055396e-02
1.392010521888732733e+01,2.337030412816338831e-01,-5.577569285560897150e-01,3.675572268037641255e-02
1.394004034996032715e+01,2.151366129308373010e-01,-3.973711584875347924e-01,3.487360370981727742e-02
1.396005129814147949e+01,1.879310027606050371e-01,-2.347939235218530207e-01,3.202062606581097121e-02
1.398011326789855957e+01,1.539468578396172571e-01,-7.028704806207292100e-02,2.884438811349585366e-02
1.400004649162292480e+01,1.146323972291493631e-01,9.435298438465478110e-02,2.504794497842240120e-02
1.402015781402588068e+01,7.042838281315771942e-02,2.584528639246013171e-01,1.941942293155247967e-02
1.404004287719726562e+01,2.233046535930385823e-02,4.213214868571633076e-01,1.366070967212659748e-02
1.406003665924072443e+01,-2.905113626548291861e-02,5.826686910078628934e-01,6.806215030999956950e-03
1.408005881309509277e+01,-8.259392771414103551e-02,7.422002380405308131e-01,-1.222504986745365230e-04
1.410012674331665039e+01,-1.369929931400689638e-01,8.952525901558106014e-01,-7.530777099871488467e-03
1.412005090713500977e+01,-1.904757203045188696e-01,1.041643112192801368e+00,-1.532345872200435721e-02
1.414013457298278809e+01,-2.407755197140335479e-01,1.181663557583908286e+00,-2.329689546059876548e-02
1.416000294685363770e+01,-2.891488637385837279e-01,1.313641095396961056e+00,-3.105213704394704788e-02
1.418025183677673162e+01,-3.324708859127332161e-01,1.435742462177196366e+00,-3.797529435932556208e-02
1.420004701614380060e+01,-3.674931449777552039e-01,1.545989657130470540e+00,-4.373411527427939482e-02
1.422003984451293945e+01,-3.972350349847035833e-01,1.643075518553504644e+00,-4.831924519494357195e-02
1.424013233184814453e+01,-4.178298093750203446e-01,1.724926574128502921e+00,-5.248035050289345804e-02
1.426004981994628729e+01,-4.346113466972438832e-01,1.790868552347435028e+00,-5.504045693795844851e-02
1.428000950813293635e+01,-4.430328916363746039e-01,1.838565706856291726e+00,-5.638069104930143460e-02
1.430004572868347168e+01,-4.436059040970024014e-01,1.858315917887649604e+00,-5.496129129710658479e-02
1.432015013694763184e+01,-4.351137099123942864e-01,1.858269136409454347e+00,-5.266220074695793230e-02
1.434032893180847168e+01,-4.195418617072914635e-01,1.860657792739869976e+00,-5.209107454033834461e-02
1.436005735397338867e+01,-3.983434988715119918e-01,1.847489117320746388e+00,-5.236079118090375406e-02
1.438021492958068848e+01,-3.740165451359416249e-01,1.796386663576861054e+00,-5.084058403305447005e-02
1.440012574195861816e+01,-3.483241403871941699e-01,1.719991315813009791e+00,-4.743402359163784165e-02
1.442012524604797363e+01,-3.200864478257223755e-01,1.620995410553895510e+00,-4.352908765001956004e-02
1.443999648094177246e+01,-2.904290552747998966e-01,1.512419978114245112e+00,-3.795377357882762093e-02
1.446008634567260742e+01,-2.590362637948635527e-01,1.384504265040853888e+00,-3.391985797531515967e-02
1.448015737533569158e+01,-2.266848851999674341e-01,1.235989612260872228e+00,-3.116974857106175056e-02
1.450000286102294922e+01,-1.949606527010899759e-01,1.078091632314273518e+00,-2.611506765026233579e-02
1.452005052566528320e+01,-1.639064088720985080e-01,9.135191035303025231e-01,-2.152384164311960113e-02
1.454010725021362482e+01,-1.320545468130507327e-01,7.410987075568318261e-01,-1.651923029615026683e-02
1.456001543998718439e+01,-1.001910312707289252e-01,5.632519637947357438e-01,-1.181474291648701436e-02
1.458000898361206055e+01,-6.945503208080944235e-02,3.806440634950141177e-01,-7.894272939334728845e-03
1.460001754760742188e+01,-3.803848201487872172e-02,1.896518023293365385e-01,-3.677919691653319667e-03
1.462004446983337402e+01,-8.379723860404968139e-03,6.658942727909289427e-05,2.332813276245794890e-04
1.464007329940796076e+01,2.133024711307371368e-02,-1.854483358811080951e-01,4.439020432698427554e-03
1.466017484664916992e+01,5.130626351183545375e-02,-3.694569666307021549e-01,7.871590806496145398e-03
1.468008780479431152e+01,8.200834544953050642e-02,-5.468547292630709933e-01,1.179409395089639490e-02
1.470018243789672852e+01,1.130902954709508412e-01,-7.190519386704368188e-01,1.592191135725723461e-02
1.472006916999816717e+01,1.439196363122998701e-01,-8.857706470743176297e-01,2.049758180946570363e-02
1.474005603790283203e+01,1.752306172087162439e-01,-1.041990135148092023e+00,2.503336156337149232e-02
1.476009607315063654e+01,2.071783797674342509e-01,-1.190351305095496137e+00,2.932226331550402687e-02
1.478016018867492853e+01,2.391525648708718865e-01,-1.327581244718945008e+00,3.338395569325008916e-02
1.480000615119934082e+01,2.703939447875460811e-01,-1.448235182531862897e+00,3.847711962494326787e-02
1.482002878189086914e+01,3.013733724584346518e-01,-1.552981425921079683e+00,4.274280007520642188e-02
1.484011697769165039e+01,3.308394226986672848e-01,-1.637736370164857291e+00,4.734131545571601540e-02
1.486002397537231445e+01,3.578155183386040328e-01,-1.703141534305357752e+00,5.150353286476716530e-02
1.488002181053161621e+01,3.814777329624434721e-01,-1.745220705950632833e+00,5.525135282491011601e-02
1.490015840530395685e+01,4.000058242795567764e-01,-1.774723457886292266e+00,5.963342247663416806e-02
1.492019081115722834e+01,4.108169225614453079e-01,-1.783843245165403602e+00,6.261566501924942241e-02
1.494004273414611816e+01,4.155626233083349330e-01,-1.768812895077754632e+00,6.450737574802301033e-02
1.496004581451416016e+01,4.189957195712359361e-01,-1.732521287377153385e+00,6.274030680951270256e-02
1.498016619682312012e+01,4.173807515515388644e-01,-1.673945336491760472e+00,6.044056561638533331e-02
1.500024342536926447e+01,4.081999513717256001e-01,-1.603061140122958861e+00,6.205597802340145908e-02
1.502006769180298029e+01,3.950868681478822975e-01,-1.519465433989426906e+00,6.142228133354782349e-02
1.504017901420593262e+01,3.746183213179952176e-01,-1.404752104228919940e+00,6.033984474257314545e-02
1.506006240844726562e+01,3.465618901011719988e-01,-1.269973032456872986e+00,5.859490612880380311e-02
1.508003807067871271e+01,3.117812324951692027e-01,-1.123091269686041116e+00,5.336108246724263759e-02
1.510001087188720881e+01,2.688701080826696455e-01,-9.703186027289021354e-01,4.694506936012465825e-02
1.511998701095581055e+01,2.203481145832578703e-01,-8.096334760596759494e-01,4.037395764340867554e-02
1.514005017280578613e+01,1.687226660618363905e-01,-6.423578708931296788e-01,3.210827747090083673e-02
1.516011881828307928e+01,1.147770935314140761e-01,-4.686662293634547005e-01,2.366382930443000632e-02
1.518006968498229980e+01,6.088240006519834990e-02,-3.015450858876409512e-01,1.491638966285749324e-02
1.520015406608581543e+01,7.115953531365622892e-03,-1.301524134070924932e-01,6.833991598656677380e-03
1.522005271911621271e+01,-4.517966768311021397e-02,3.745970011526095211e-02,-4.965224322988522065e-04
1.524012804031372070e+01,-9.530737732652955208e-02,2.083307274971104572e-01,-8.236064452061583885e-03
1.526004791259765625e+01,-1.415385569290892320e-01,3.738636683248668380e-01,-1.525622171059361210e-02
1.528001165390014648e+01,-1.832146589598290243e-01,5.354726852075399890e-01,-2.251421022351168810e-02
1.530005240440368830e+01,-2.219812703405154020e-01,6.936823774957985300e-01,-2.844643076379749225e-02
1.532007479667663574e+01,-2.549997929003893216e-01,8.472725834812102619e-01,-3.364283660515449137e-02
1.534005808830261230e+01,-2.824275756549805561e-01,9.926586720738699299e-01,-3.851761052407665087e-02
1.536003470420837402e+01,-3.043071229282456880e-01,1.127351096564797928e+00,-4.271560044979738624e-02
1.538005065917968750e+01,-3.213380793263385105e-01,1.251698941520165143e+00,-4.592814581092402593e-02
1.540004491806030451e+01,-3.334102130582659029e-01,1.362449515864776473e+00,-4.836971216286245490e-02
1.542020654678344727e+01,-3.423554938710293705e-01,1.458456136137987968e+00,-4.986002927887084324e-02
1.544017648696899414e+01,-3.468830913128708726e-01,1.537150598010489588e+00,-5.049806954451613317e-02
1.546003842353820801e+01,-3.482507081480983313e-01,1.593958176285069861e+00,-5.024925927532508663e-02
1.548006176948547363e+01,-3.467485284714411087e-01,1.625898578182371601e+00,-4.877818523599275480e-02
1.550023245811462402e+01,-3.399952508178636368e-01,1.633154368733279682e+00,-4.533272460377302249e-02
1.552005243301391602e+01,-3.278062679448623395e-01,1.639245831352470262e+00,-4.359613679709117839e-02
1.554000234603881836e+01,-3.122305341246154331e-01,1.627111538167087978e+00,-4.322256298106430528e-02
1.556004571914672852e+01,-3.016965515562701761e-01,1.578365298864830457e+00,-4.137020215363490516e-02
1.558016514778137207e+01,-2.906416742807391707e-01,1.504044261267917904e+00,-3.858041973684367409e-02
1.559998202323913574e+01,-2.769623420507594247e-01,1.409064926444128396e+00,-3.419408628241388248e-02
1.562004446983337402e+01,-2.638957646458039985e-01,1.298184795490368693e+00,-2.927380620463099214e-02
1.564004898071289062e+01,-2.506064157503808953e-01,1.169105497895742474e+00,-2.489163765102364589e-02
1.566014647483825684e+01,-2.347776254922306904e-01,1.022204180052487921e+00,-2.084458262925370509e-02
1.568005704879760742e+01,-2.129245261367120889e-01,8.644634065247513988e-01,-1.533073065299550564e-02
1.570017886161804199e+01,-1.875192522751206736e-01,6.969440887779327909e-01,-9.505652605105607833e-03
1.572007608413696467e+01,-1.592298162686834884e-01,5.258163120787822109e-01,-3.920489772686164276e-03
1.574018239974975586e+01,-1.278928337979899910e-01,3.500591971693509663e-01,1.780401633879685752e-03
1.576008033752441406e+01,-9.397928800112942405e-02,1.714810750399314854e-01,5.984403648689476385e-03
1.578016090393066406e+01,-5.756136731049976696e-02,-9.806479331784530296e-03,1.069666083501193132e-02
1.580003213882446467e+01,-2.009037507984745563e-02,-1.898916730560645805e-01,1.513956139551035293e-02
1.582008934020995916e+01,1.978577025869156236e-02,-3.665001094153326200e-01,1.949104096793811969e-02
1.584016275405883789e+01,6.213741199252520442e-02,-5.334444863352394428e-01,2.296197041550079865e-02
1.586005377769470215e+01,1.051828410872744368e-01,-6.901886401506183155e-01,2.643317414426021861e-02
1.588037967681884766e+01,1.490445701142142365e-01,-8.394668048619875478e-01,2.976086815385531326e-02
1.590019226074218750e+01,1.912446205931287446e-01,-9.774887250908763647e-01,3.307485533258824884e-02
1.592003917694091797e+01,2.323557390041963711e-01,-1.100473180546305052e+00,3.617884795614728644e-02
1.593999314308166326e+01,2.702680649091269149e-01,-1.207264416900966530e+00,3.867039214305484363e-02
1.596022367477416992e+01,3.058325854108567832e-01,-1.302427720644276476e+00,4.144371547407199596e-02
1.598001098632812322e+01,3.353548597645708007e-01,-1.375673849419108308e+00,4.425136325523848502e-02
1.600006484985351562e+01,3.601162651220599642e-01,-1.426507868177209204e+00,4.654458194800498161e-02
1.602016234397888184e+01,3.783221533057097297e-01,-1.463926006140970237e+00,4.914377789403084895e-02
1.604005098342895508e+01,3.894059193322063628e-01,-1.479678841819045410e+00,5.141561575592656919e-02
1.606012511253356934e+01,3.928170600538662960e-01,-1.473008308516963183e+00,5.232602264218505494e-02
1.608000230789184570e+01,3.896400990863830849e-01,-1.445674918179832069e+00,5.113542349247857111e-02
1.610000824928283691e+01,3.795407554796488281e-01,-1.398769822614696068e+00,4.889494602325478168e-02
1.612008428573608398e+01,3.618567152590603797e-01,-1.329984503498327086e+00,4.717482766198632937e-02
1.614018511772155762e+01,3.371907487310588092e-01,-1.245682498656960568e+00,4.723293207116269210e-02
1.616005539894104004e+01,3.071741834651280367e-01,-1.149831859862596062e+00,4.546562011037369455e-02
1.618003845214843750e+01,2.719080151110042642e-01,-1.035097386517982443e+00,4.244357613448490607e-02
1.620011687278747559e+01,2.312682044712193186e-01,-8.965776040784660950e-01,3.960803150697939090e-02
1.621999597549438477e+01,1.871667311769772413e-01,-7.473640509066887816e-01,3.506623830429508870e-02
1.624003934860229492e+01,1.407660773651063790e-01,-5.924668053401132006e-01,2.851266744708957912e-02
1.626004624366760254e+01,9.220634009135403319e-02,-4.313455622086106445e-01,2.090478977177612219e-02
1.628002548217773438e+01,4.353728582275362413e-02,-2.652822854707737044e-01,1.289322578639111316e-02
1.630004882812500000e+01,-4.654377416443889262e-03,-9.611578894017003272e-02,4.144816858339450683e-03
1.632004165649414062e+01,-5.117081669572021152e-02,7.233471909405830846e-02,-3.008864316610033313e-03
1.633999037742614746e+01,-9.483335110426227565e-02,2.360171827211179352e-01,-9.902904311373750268e-03
1.636008429527282715e+01,-1.360137271646230106e-01,3.947562518640157503e-01,-1.654813215692402251e-02
1.638012170791625977e+01,-1.740465405457998216e-01,5.472380668881089427e-01,-2.284369387324544642e-02
1.640029406547546387e+01,-2.090055795345636680e-01,6.905736486124918194e-01,-2.863114976948780144e-02
1.642007112503051758e+01,-2.398349891543118950e-01,8.217612000817333673e-01,-3.344895678427312058e-02
1.644027709960937500e+01,-2.674157361551825485e-01,9.417365296519877305e-01,-3.794398189706699176e-02
1.646006274223327637e+01,-2.909883189710369411e-01,1.046999640458891712e+00,-4.102880057526175905e-02
1.648001241683959961e+01,-3.107984448526963650e-01,1.138341954296951286e+00,-4.368949593070747817e-02
1.650011467933654785e+01,-3.268964263794769121e-01,1.210381215192801285e+00,-4.533661631162699823e-02
1.652016448974609375e+01,-3.348357782349316025e-01,1.262036818416194528e+00,-4.557337908248854097e-02
1.654014325141906738e+01,-3.389495650992540021e-01,1.289568662008284683e+00,-4.517589180198000598e-02
1.656003665924072266e+01,-3.374850435215241973e-01,1.312301307543459750e+00,-4.566877066197289059e-02
1.658023715019226074e+01,-3.331048777878107270e-01,1.315035297954679550e+00,-4.578860675823837045e-02
1.660024118423461914e+01,-3.242280616431236773e-01,1.293569323368134683e+00,-4.458088993739323103e-02
1.662006592750549316e+01,-3.134775889840346608e-01,1.247383751851082856e+00,-4.271169448511308309e-02
1.664016604423522949e+01,-2.987971820964909764e-01,1.175975167394723186e+00,-3.960511453296200468e-02
1.666005611419677734e+01,-2.813254753712635114e-01,1.088123781150357239e+00,-3.524676895509709640e-02
1.668018937110900879e+01,-2.621973774714072558e-01,9.835751147157036911e-01,-3.086359697749496700e-02
1.670005321502685547e+01,-2.406948716495607155e-01,8.694770042067565541e-01,-2.616437224123591143e-02
1.672002506256103516e+01,-2.156966916181964899e-01,7.404252372323423259e-01,-2.216534644203616011e-02
1.674008107185363770e+01,-1.857825214591267704e-01,6.020591044008418713e-01,-1.776471339795743232e-02
1.676005721092224121e+01,-1.519414129567977501e-01,4.575544581661521448e-01,-1.345830576147141744e-02
1.678017163276672363e+01,-1.155819465815968172e-01,3.075705333388547569e-01,-9.138198997562935189e-03
1.680004119873046875e+01,-7.720715166747560421e-02,1.571029592941641795e-01,-5.095291340867932894e-03
1.682019209861755371e+01,-3.695418768244018715e-02,3.694681491242843285e-03,-9.305673495031193537e-04
1.684021329879760742e+01,3.710765385033142072e-03,-1.469726285515999820e-01,3.171347320245057610e-03
1.686001610755920410e+01,4.371802875687325063e-02,-2.928259623103113274e-01,7.202375626950793808e-03
1.688003444671630859e+01,8.410595229871409284e-02,-4.333902480433295956e-01,1.122120205425683470e-02
1.690004968643188477e+01,1.238631019848401849e-01,-5.661849167999801757e-01,1.515898943114366015e-02
1.692001700401306152e+01,1.620499110551962829e-01,-6.908394015940153565e-01,1.904091626072981769e-02
1.694004797935485840e+01,1.985303561589659704e-01,-8.071074673361269269e-01,2.377744638817802514e-02
1.696002006530761719e+01,2.323687580773372563e-01,-9.108836627715337642e-01,2.872182298295511416e-02
1.698004460334777832e+01,2.639818514963367946e-01,-1.002956386190598792e+00,3.306834829685650901e-02
1.700014448165893555e+01,2.924928046087926781e-01,-1.083387599525134526e+00,3.778089443805832115e-02
1.702015495300292969e+01,3.175172048996581786e-01,-1.152004495397000561e+00,4.197534962991905649e-02
1.704004955291748047e+01,3.387552294955442633e-01,-1.207294317387902716e+00,4.659871841680868210e-02
1.706015133857727051e+01,3.565542185664305475e-01,-1.252743898503904774e+00,5.004304482198740356e-02
1.708012771606445312e+01,3.705796356215593779e-01,-1.284324730377621293e+00,5.277974533896917508e-02
1.710005712509155273e+01,3.812820576157074370e-01,-1.304243556287291383e+00,5.463157964225945351e-02
1.712003469467163086e+01,3.887995869571840846e-01,-1.315644895526192570e+00,5.668768552273362182e-02
1.714022517204284668e+01,3.944101634961809655e-01,-1.322520038865774517e+00,5.923599899731940566e-02
