time;force_x;force_y;force_z;torque_x;torque_y;torque_z
0.0;7.0;-15.6;-55.7;-0.15;-0.69;-0.36
0.020119428634643555;7.0;-15.6;-55.5;-0.15;-0.69;-0.36
0.04002976417541504;6.9;-15.6;-55.5;-0.15;-0.69;-0.36
0.060059547424316406;6.9;-15.6;-55.7;-0.15;-0.69;-0.36
0.07998871803283691;6.9;-15.6;-55.7;-0.15;-0.69;-0.36
0.09995651245117188;7.0;-15.7;-55.9;-0.15;-0.7;-0.36
0.11999034881591797;7.0;-15.7;-55.9;-0.15;-0.7;-0.36
0.139970064163208;7.0;-15.6;-55.5;-0.15;-0.69;-0.36
0.16009974479675293;7.0;-15.6;-55.3;-0.15;-0.7;-0.36
0.17996907234191895;7.0;-15.6;-55.9;-0.15;-0.7;-0.36
0.19995379447937012;7.0;-15.6;-55.7;-0.15;-0.69;-0.36
0.21998810768127441;7.0;-15.7;-55.7;-0.15;-0.69;-0.36
0.24013018608093262;7.0;-15.7;-55.9;-0.15;-0.7;-0.36
0.26018452644348145;6.9;-15.6;-55.5;-0.15;-0.69;-0.36
0.2800576686859131;7.0;-15.6;-55.5;-0.15;-0.69;-0.36
0.30000853538513184;6.9;-15.6;-55.5;-0.15;-0.69;-0.36
0.32006001472473145;7.0;-15.6;-55.5;-0.15;-0.69;-0.36
0.340198278427124;6.9;-15.6;-55.5;-0.15;-0.69;-0.36
0.3599557876586914;7.0;-15.6;-55.7;-0.15;-0.69;-0.36
0.37998008728027344;6.9;-15.6;-55.7;-0.15;-0.69;-0.36
0.39998483657836914;6.9;-15.6;-55.7;-0.15;-0.69;-0.36
0.4199705123901367;7.0;-15.6;-55.5;-0.15;-0.69;-0.36
0.4400672912597656;7.0;-15.7;-55.5;-0.15;-0.69;-0.36
0.4599745273590088;6.9;-15.6;-55.7;-0.15;-0.69;-0.36
0.47995805740356445;7.0;-15.5;-55.5;-0.15;-0.7;-0.36
0.5001833438873291;6.9;-15.6;-55.7;-0.15;-0.69;-0.36
0.5201332569122314;6.9;-15.6;-55.7;-0.15;-0.69;-0.36
0.540001630783081;7.0;-15.5;-55.5;-0.15;-0.7;-0.36
0.5600326061248779;7.0;-15.6;-55.7;-0.15;-0.69;-0.36
0.5799686908721924;6.9;-15.6;-55.7;-0.15;-0.69;-0.36
0.5999367237091064;7.0;-15.6;-55.7;-0.15;-0.69;-0.36
0.6200029850006104;6.9;-15.6;-55.5;-0.15;-0.69;-0.36
0.6400535106658936;7.0;-15.6;-55.5;-0.15;-0.69;-0.36
0.6599910259246826;7.0;-15.6;-55.7;-0.16;-0.69;-0.36
0.6799812316894531;7.0;-15.6;-55.5;-0.15;-0.69;-0.36
0.7000155448913574;7.0;-15.4;-55.7;-0.15;-0.69;-0.36
0.7199695110321045;7.0;-15.6;-55.5;-0.15;-0.69;-0.36
0.7399942874908447;7.0;-15.6;-55.5;-0.15;-0.69;-0.36
0.7599589824676514;7.0;-15.6;-55.7;-0.15;-0.69;-0.36
0.779935359954834;7.0;-15.6;-55.5;-0.15;-0.69;-0.36
0.8001503944396973;7.0;-15.6;-55.5;-0.15;-0.69;-0.36
0.8201079368591309;7.0;-15.6;-55.5;-0.15;-0.69;-0.36
0.8400471210479736;6.9;-15.6;-55.7;-0.15;-0.69;-0.36
0.8600456714630127;6.9;-15.6;-55.5;-0.15;-0.69;-0.36
0.8800168037414551;7.0;-15.6;-55.5;-0.15;-0.69;-0.36
0.8999795913696289;7.0;-15.6;-55.3;-0.15;-0.7;-0.36
0.9199535846710205;7.0;-15.6;-55.3;-0.15;-0.7;-0.36
0.9399762153625488;6.9;-15.6;-55.5;-0.15;-0.69;-0.36
0.9599554538726807;7.0;-15.6;-55.3;-0.15;-0.7;-0.36
0.979987621307373;7.0;-15.6;-55.5;-0.15;-0.69;-0.36
0.9999656677246094;7.0;-15.6;-55.5;-0.15;-0.69;-0.36
1.0199971199035645;7.0;-15.6;-55.5;-0.15;-0.69;-0.36
1.0399634838104248;7.0;-15.6;-55.5;-0.15;-0.69;-0.36
1.0599496364593506;6.9;-15.6;-55.7;-0.15;-0.69;-0.36
1.0799541473388672;6.9;-15.6;-55.9;-0.15;-0.7;-0.36
1.0999760627746582;7.0;-15.6;-55.5;-0.15;-0.69;-0.36
1.1199746131896973;6.9;-15.6;-55.7;-0.15;-0.69;-0.36
1.1399798393249512;6.9;-15.6;-55.5;-0.15;-0.69;-0.36
1.1599540710449219;7.0;-15.6;-55.5;-0.15;-0.69;-0.36
1.179960012435913;7.0;-15.6;-55.5;-0.15;-0.69;-0.36
1.1999666690826416;6.9;-15.6;-55.9;-0.15;-0.7;-0.36
1.2199747562408447;7.0;-15.6;-55.7;-0.15;-0.69;-0.36
1.239978551864624;7.0;-15.6;-55.5;-0.15;-0.69;-0.36
1.2599797248840332;7.0;-15.6;-55.5;-0.15;-0.69;-0.36
1.279979944229126;7.0;-15.6;-55.5;-0.15;-0.69;-0.36
1.299978494644165;7.0;-15.6;-55.5;-0.15;-0.69;-0.36
1.3199632167816162;7.0;-15.6;-55.7;-0.15;-0.69;-0.36
1.3399739265441895;6.9;-15.6;-55.5;-0.15;-0.69;-0.36
1.3599677085876465;7.0;-15.6;-55.7;-0.15;-0.69;-0.36
1.379944086074829;7.0;-15.6;-55.5;-0.15;-0.69;-0.36
1.3999965190887451;6.9;-15.6;-55.7;-0.15;-0.69;-0.36
1.4201700687408447;7.0;-15.7;-55.7;-0.15;-0.69;-0.36
1.4401030540466309;6.9;-15.6;-55.5;-0.15;-0.69;-0.36
1.4599478244781494;6.9;-15.6;-55.7;-0.15;-0.69;-0.36
1.4799418449401855;7.0;-15.6;-55.5;-0.15;-0.69;-0.36
1.500054121017456;7.0;-15.6;-55.5;-0.15;-0.69;-0.36
1.5201375484466553;7.0;-15.6;-55.7;-0.15;-0.69;-0.36
1.5399963855743408;7.0;-15.6;-55.5;-0.15;-0.69;-0.36
1.5601956844329834;7.0;-15.6;-55.3;-0.15;-0.7;-0.36
1.5801317691802979;7.0;-15.6;-55.5;-0.15;-0.69;-0.36
1.600013256072998;7.0;-15.6;-55.5;-0.15;-0.69;-0.36
1.620133399963379;7.0;-15.6;-55.5;-0.15;-0.69;-0.36
1.640214204788208;7.0;-15.6;-55.5;-0.15;-0.69;-0.36
1.6599419116973877;6.9;-15.6;-55.5;-0.15;-0.69;-0.36
1.6801328659057617;7.0;-15.6;-55.5;-0.15;-0.69;-0.36
1.7000236511230469;7.0;-15.6;-55.5;-0.15;-0.69;-0.36
1.720158576965332;7.0;-15.6;-55.5;-0.15;-0.69;-0.36
1.7399966716766357;6.9;-15.6;-55.5;-0.15;-0.69;-0.36
1.7599761486053467;6.9;-15.6;-55.7;-0.15;-0.69;-0.36
1.7799789905548096;7.0;-15.6;-55.5;-0.15;-0.69;-0.36
1.799992561340332;7.0;-15.6;-55.5;-0.15;-0.69;-0.36
1.8201181888580322;7.0;-15.6;-55.5;-0.15;-0.69;-0.36
1.8399372100830078;7.0;-15.6;-55.7;-0.15;-0.69;-0.36
1.8599584102630615;7.0;-15.6;-55.3;-0.15;-0.7;-0.36
1.879974365234375;7.0;-15.6;-55.9;-0.15;-0.7;-0.36
1.8999965190887451;6.9;-15.5;-55.7;-0.15;-0.69;-0.36
1.920123815536499;7.0;-15.5;-55.5;-0.16;-0.7;-0.36
1.940147876739502;7.0;-15.6;-55.7;-0.15;-0.69;-0.36
1.9601762294769287;6.9;-15.6;-55.7;-0.15;-0.69;-0.36
1.9799425601959229;6.9;-15.6;-55.9;-0.15;-0.7;-0.36
1.9999995231628418;6.9;-15.6;-55.7;-0.15;-0.69;-0.36
2.020183563232422;7.0;-15.6;-55.3;-0.15;-0.7;-0.36
2.0400850772857666;6.9;-15.5;-55.7;-0.16;-0.69;-0.36
2.060072660446167;7.0;-15.6;-55.5;-0.15;-0.69;-0.36
2.0800881385803223;7.0;-15.6;-55.7;-0.16;-0.69;-0.36
2.0999526977539062;7.0;-15.6;-55.7;-0.16;-0.69;-0.36
2.1199822425842285;7.0;-15.6;-55.5;-0.15;-0.69;-0.36
2.140106678009033;7.0;-15.6;-55.5;-0.15;-0.69;-0.36
2.1601030826568604;6.9;-15.6;-55.5;-0.15;-0.69;-0.36
2.1799824237823486;7.0;-15.6;-55.5;-0.15;-0.69;-0.36
2.200277328491211;6.9;-15.6;-55.5;-0.15;-0.69;-0.36
2.2201297283172607;7.0;-15.5;-55.5;-0.16;-0.7;-0.36
2.2399420738220215;6.9;-15.5;-55.5;-0.15;-0.69;-0.36
2.259986162185669;6.9;-15.5;-55.5;-0.15;-0.69;-0.36
2.2801358699798584;7.0;-15.6;-55.3;-0.15;-0.7;-0.36
2.2999589443206787;7.0;-15.6;-55.3;-0.15;-0.7;-0.36
2.3201205730438232;6.9;-15.5;-55.5;-0.15;-0.69;-0.36
2.3399531841278076;7.0;-15.6;-55.5;-0.15;-0.69;-0.36
2.359949827194214;7.0;-15.6;-55.7;-0.16;-0.69;-0.36
2.3800015449523926;7.0;-15.6;-55.5;-0.15;-0.69;-0.36
2.4000940322875977;7.0;-15.6;-55.5;-0.15;-0.69;-0.36
2.4199299812316895;7.0;-15.6;-55.5;-0.15;-0.69;-0.36
2.4399755001068115;7.0;-15.6;-55.3;-0.15;-0.7;-0.36
2.4599251747131348;7.0;-15.6;-55.9;-0.15;-0.7;-0.36
2.4799489974975586;7.0;-15.6;-55.7;-0.16;-0.69;-0.36
2.4999730587005615;7.0;-15.6;-55.7;-0.16;-0.69;-0.36
2.5202221870422363;7.0;-15.6;-55.7;-0.16;-0.69;-0.36
2.539975643157959;7.0;-15.6;-55.5;-0.15;-0.69;-0.36
2.559980869293213;6.9;-15.6;-55.9;-0.15;-0.7;-0.36
2.580003499984741;7.0;-15.6;-55.7;-0.16;-0.69;-0.36
2.600017547607422;7.0;-15.6;-55.5;-0.15;-0.69;-0.36
2.6200413703918457;7.0;-15.6;-55.5;-0.15;-0.69;-0.36
2.64017653465271;7.0;-15.6;-55.7;-0.16;-0.69;-0.36
2.6600117683410645;7.0;-15.6;-55.7;-0.16;-0.69;-0.36
2.679997444152832;7.0;-15.6;-55.7;-0.16;-0.69;-0.36
2.7000231742858887;7.0;-15.6;-55.7;-0.16;-0.69;-0.36
2.720046281814575;7.0;-15.6;-55.7;-0.16;-0.69;-0.36
2.7400968074798584;6.9;-15.5;-55.5;-0.15;-0.69;-0.36
2.7602031230926514;7.0;-15.6;-55.5;-0.15;-0.69;-0.36
2.780078649520874;7.0;-15.6;-55.5;-0.15;-0.69;-0.36
2.799952983856201;7.0;-15.6;-55.5;-0.15;-0.69;-0.36
2.819937229156494;7.0;-15.4;-55.5;-0.16;-0.69;-0.36
2.840172529220581;7.0;-15.6;-55.5;-0.15;-0.69;-0.36
2.859970808029175;6.9;-15.6;-55.7;-0.16;-0.69;-0.36
2.880077600479126;7.0;-15.6;-55.9;-0.15;-0.7;-0.36
2.9000914096832275;7.0;-15.6;-55.5;-0.15;-0.69;-0.36
2.9199297428131104;7.0;-15.6;-55.5;-0.15;-0.69;-0.36
2.939998149871826;7.0;-15.6;-55.5;-0.15;-0.69;-0.36
2.9601194858551025;7.0;-15.6;-55.5;-0.15;-0.69;-0.36
2.9799611568450928;7.0;-15.6;-55.5;-0.15;-0.69;-0.36
3.0000154972076416;7.0;-15.6;-55.5;-0.15;-0.69;-0.36
3.0200676918029785;7.0;-15.6;-55.7;-0.16;-0.69;-0.36
3.039985179901123;7.0;-15.6;-55.7;-0.16;-0.69;-0.36
3.059962034225464;7.0;-15.6;-55.5;-0.15;-0.69;-0.36
3.080111503601074;7.0;-15.6;-55.5;-0.15;-0.69;-0.36
3.0999910831451416;6.9;-15.5;-55.5;-0.15;-0.69;-0.36
3.1199679374694824;6.9;-15.5;-55.5;-0.15;-0.69;-0.36
3.1399621963500977;7.0;-15.6;-55.7;-0.16;-0.69;-0.36
3.159968137741089;7.0;-15.6;-55.7;-0.16;-0.69;-0.36
3.1801228523254395;6.9;-15.5;-55.5;-0.15;-0.69;-0.36
3.1999950408935547;7.0;-15.6;-55.5;-0.15;-0.69;-0.36
3.2200870513916016;7.0;-15.7;-55.7;-0.16;-0.69;-0.36
3.2399826049804688;7.0;-15.6;-55.5;-0.15;-0.69;-0.36
3.2599501609802246;7.0;-15.6;-55.5;-0.15;-0.69;-0.36
3.2799901962280273;7.0;-15.6;-55.5;-0.15;-0.69;-0.36
3.299954891204834;7.0;-15.6;-55.5;-0.15;-0.69;-0.36
3.3199496269226074;7.0;-15.6;-55.7;-0.16;-0.69;-0.36
3.339942216873169;7.0;-15.6;-55.5;-0.15;-0.69;-0.36
3.359964370727539;7.0;-15.6;-55.5;-0.15;-0.69;-0.36
3.380068063735962;6.9;-15.5;-55.5;-0.15;-0.69;-0.36
3.400367021560669;7.0;-15.6;-55.5;-0.15;-0.69;-0.36
3.4201157093048096;7.0;-15.6;-55.5;-0.15;-0.69;-0.36
3.4399428367614746;7.0;-15.6;-55.7;-0.16;-0.69;-0.36
3.459948778152466;7.0;-15.6;-55.5;-0.15;-0.69;-0.36
3.479942560195923;7.0;-15.6;-55.7;-0.16;-0.69;-0.36
3.4999284744262695;7.0;-15.6;-55.5;-0.15;-0.69;-0.36
3.5200047492980957;6.9;-15.5;-55.5;-0.15;-0.69;-0.36
3.5401113033294678;7.0;-15.6;-55.7;-0.16;-0.69;-0.36
3.5601823329925537;6.9;-15.5;-55.5;-0.15;-0.69;-0.36
3.5801210403442383;7.0;-15.6;-55.7;-0.16;-0.69;-0.36
3.6000070571899414;6.9;-15.5;-55.5;-0.15;-0.69;-0.36
3.6201629638671875;7.0;-15.6;-55.7;-0.16;-0.69;-0.36
3.6400485038757324;6.9;-15.5;-55.5;-0.15;-0.69;-0.36
3.660107135772705;6.9;-15.5;-55.5;-0.15;-0.69;-0.36
3.6800215244293213;6.9;-15.5;-55.5;-0.15;-0.69;-0.36
3.7002522945404053;6.9;-15.5;-55.3;-0.16;-0.7;-0.36
3.7199721336364746;7.0;-15.6;-55.5;-0.15;-0.69;-0.36
3.7399613857269287;7.0;-15.6;-55.5;-0.15;-0.69;-0.36
3.7603871822357178;7.0;-15.6;-55.7;-0.16;-0.69;-0.36
3.779995918273926;7.0;-15.6;-55.5;-0.15;-0.69;-0.36
3.8000082969665527;7.0;-15.6;-55.5;-0.15;-0.69;-0.36
3.820157289505005;6.9;-15.5;-55.5;-0.15;-0.69;-0.36
3.8399527072906494;7.0;-15.6;-55.7;-0.16;-0.69;-0.36
3.859947443008423;7.0;-15.6;-55.5;-0.15;-0.69;-0.36
3.8799774646759033;6.9;-15.5;-55.7;-0.16;-0.69;-0.36
3.900444984436035;6.9;-15.5;-55.5;-0.15;-0.69;-0.36
3.920261859893799;7.0;-15.6;-55.7;-0.16;-0.69;-0.36
3.940164566040039;7.0;-15.6;-55.5;-0.15;-0.69;-0.36
3.9599835872650146;7.0;-15.6;-55.7;-0.16;-0.69;-0.36
3.9799985885620117;6.9;-15.5;-55.5;-0.15;-0.69;-0.36
4.00003719329834;7.1;-15.5;-55.5;-0.16;-0.69;-0.36
4.020131349563599;7.1;-15.5;-55.5;-0.15;-0.69;-0.36
4.039995908737183;7.0;-15.6;-55.7;-0.16;-0.69;-0.36
4.059979438781738;6.9;-15.5;-55.5;-0.15;-0.69;-0.36
4.079976797103882;7.1;-15.5;-55.7;-0.16;-0.69;-0.36
4.100218296051025;7.0;-15.6;-55.5;-0.15;-0.69;-0.36
4.119988203048706;7.0;-15.6;-55.5;-0.15;-0.69;-0.36
4.139959096908569;7.0;-15.6;-55.7;-0.16;-0.69;-0.36
4.16008996963501;7.0;-15.6;-55.7;-0.16;-0.69;-0.36
4.180205821990967;6.9;-15.5;-55.5;-0.15;-0.69;-0.36
4.199955940246582;6.9;-15.5;-55.5;-0.15;-0.69;-0.36
4.2201011180877686;7.0;-15.6;-55.5;-0.15;-0.69;-0.36
4.239934206008911;7.0;-15.6;-55.7;-0.16;-0.69;-0.36
4.259929656982422;6.9;-15.5;-55.7;-0.16;-0.69;-0.36
4.279949903488159;6.9;-15.5;-55.3;-0.16;-0.69;-0.36
4.29994010925293;6.9;-15.5;-55.5;-0.15;-0.69;-0.36
4.319986820220947;7.0;-15.4;-55.1;-0.16;-0.69;-0.37
4.339970588684082;7.0;-15.4;-55.7;-0.16;-0.69;-0.37
4.359980344772339;7.0;-15.4;-55.7;-0.16;-0.69;-0.37
4.380076885223389;7.0;-15.6;-55.7;-0.16;-0.69;-0.36
4.399962902069092;6.9;-15.5;-55.7;-0.16;-0.69;-0.36
4.419981241226196;6.9;-15.5;-55.5;-0.15;-0.69;-0.36
4.440212249755859;7.0;-15.6;-55.7;-0.16;-0.69;-0.36
4.460251092910767;6.9;-15.5;-55.7;-0.16;-0.69;-0.36
4.479954719543457;6.9;-15.5;-55.7;-0.16;-0.69;-0.36
4.500098943710327;6.9;-15.5;-55.5;-0.15;-0.69;-0.36
4.519994258880615;7.0;-15.6;-55.7;-0.16;-0.69;-0.36
4.539961576461792;7.0;-15.6;-55.7;-0.16;-0.69;-0.36
4.5599586963653564;7.0;-15.6;-55.7;-0.16;-0.69;-0.36
4.579983234405518;7.0;-15.6;-55.7;-0.16;-0.69;-0.36
4.600089073181152;7.0;-15.6;-55.7;-0.16;-0.69;-0.36
4.619964838027954;7.1;-15.5;-55.7;-0.16;-0.69;-0.36
4.639994144439697;7.1;-15.5;-55.7;-0.16;-0.69;-0.36
4.6599836349487305;7.1;-15.5;-55.7;-0.16;-0.69;-0.36
4.679941177368164;7.0;-15.6;-55.7;-0.16;-0.69;-0.36
4.700034141540527;7.0;-15.6;-55.5;-0.15;-0.69;-0.36
4.720144271850586;7.0;-15.6;-55.1;-0.16;-0.69;-0.37
4.740143775939941;7.0;-15.6;-55.7;-0.16;-0.69;-0.36
4.760013103485107;7.0;-15.4;-55.7;-0.16;-0.69;-0.36
4.780007600784302;7.0;-15.6;-55.7;-0.16;-0.69;-0.36
4.800014019012451;6.9;-15.5;-55.7;-0.16;-0.69;-0.36
4.820145845413208;7.0;-15.6;-55.5;-0.15;-0.69;-0.36
4.839977025985718;7.0;-15.6;-55.7;-0.16;-0.69;-0.36
4.859956502914429;7.0;-15.6;-55.5;-0.15;-0.69;-0.36
4.8799889087677;7.0;-15.6;-55.7;-0.16;-0.69;-0.36
4.899990797042847;6.9;-15.5;-55.7;-0.16;-0.69;-0.36
4.919969081878662;7.0;-15.6;-55.7;-0.16;-0.69;-0.36
4.940155267715454;7.0;-15.6;-55.7;-0.16;-0.69;-0.36
4.959988355636597;7.0;-15.6;-55.5;-0.15;-0.69;-0.36
4.9799275398254395;6.9;-15.5;-55.7;-0.16;-0.69;-0.36
5.000126361846924;7.0;-15.6;-55.7;-0.16;-0.69;-0.36
5.020130157470703;6.9;-15.5;-55.5;-0.15;-0.69;-0.36
5.04008150100708;6.9;-15.5;-55.5;-0.15;-0.69;-0.36
5.059981107711792;7.0;-15.6;-55.7;-0.16;-0.69;-0.36
5.079957008361816;6.9;-15.5;-55.7;-0.16;-0.69;-0.36
5.099959135055542;6.9;-15.5;-55.7;-0.16;-0.69;-0.36
5.119944095611572;7.0;-15.6;-55.7;-0.16;-0.69;-0.36
5.139980792999268;7.0;-15.6;-55.7;-0.16;-0.69;-0.36
5.160120010375977;6.9;-15.5;-55.5;-0.15;-0.69;-0.36
5.179951190948486;6.9;-15.5;-55.5;-0.15;-0.69;-0.36
5.19998574256897;7.0;-15.6;-55.7;-0.16;-0.69;-0.36
5.219984769821167;7.0;-15.6;-55.7;-0.16;-0.69;-0.36
5.239985466003418;6.9;-15.5;-55.7;-0.16;-0.69;-0.36
5.259990930557251;7.0;-15.6;-55.5;-0.15;-0.69;-0.36
5.279991626739502;7.1;-15.5;-55.7;-0.16;-0.69;-0.36
5.29998254776001;7.0;-15.6;-55.7;-0.16;-0.69;-0.36
5.320142984390259;7.0;-15.6;-55.7;-0.16;-0.69;-0.36
5.340116262435913;7.0;-15.6;-55.5;-0.15;-0.69;-0.36
5.359949350357056;6.9;-15.5;-55.7;-0.16;-0.69;-0.36
5.3801352977752686;6.9;-15.5;-55.7;-0.16;-0.69;-0.36
5.39992618560791;6.9;-15.5;-55.7;-0.16;-0.69;-0.36
5.420000314712524;6.9;-15.5;-55.7;-0.16;-0.69;-0.36
5.44008731842041;7.0;-15.4;-55.7;-0.16;-0.69;-0.36
5.459976434707642;7.0;-15.6;-55.7;-0.16;-0.69;-0.36
5.479940176010132;7.0;-15.4;-55.7;-0.16;-0.69;-0.37
5.500119686126709;6.9;-15.5;-55.5;-0.15;-0.69;-0.36
5.520040512084961;7.0;-15.4;-55.7;-0.16;-0.69;-0.36
5.54013466835022;7.0;-15.6;-55.7;-0.16;-0.69;-0.36
5.560012340545654;7.0;-15.4;-55.7;-0.16;-0.69;-0.36
5.580137729644775;7.1;-15.5;-55.7;-0.16;-0.69;-0.36
5.600013971328735;7.0;-15.7;-55.7;-0.16;-0.69;-0.36
5.6200103759765625;7.0;-15.6;-55.7;-0.16;-0.69;-0.36
5.640005350112915;7.0;-15.4;-55.7;-0.16;-0.69;-0.36
5.660096645355225;6.9;-15.6;-55.7;-0.16;-0.69;-0.37
5.679992437362671;6.9;-15.5;-55.7;-0.16;-0.69;-0.36
5.700322389602661;7.0;-15.6;-55.7;-0.16;-0.69;-0.36
5.720017910003662;7.0;-15.6;-55.7;-0.16;-0.69;-0.36
5.740141868591309;7.0;-15.6;-55.7;-0.16;-0.69;-0.36
5.759943246841431;6.9;-15.5;-55.7;-0.16;-0.69;-0.36
5.7804930210113525;6.9;-15.4;-55.7;-0.16;-0.69;-0.36
5.800039052963257;7.1;-15.5;-55.7;-0.16;-0.69;-0.36
5.820131063461304;6.9;-15.5;-55.5;-0.16;-0.69;-0.36
5.839951038360596;7.0;-15.4;-55.7;-0.16;-0.69;-0.37
5.860146760940552;6.9;-15.5;-55.7;-0.16;-0.69;-0.36
5.879943370819092;7.0;-15.6;-55.7;-0.16;-0.69;-0.36
5.899944305419922;7.0;-15.6;-55.7;-0.16;-0.69;-0.36
5.91997766494751;7.0;-15.4;-55.7;-0.16;-0.69;-0.37
5.939966917037964;7.0;-15.6;-55.7;-0.16;-0.69;-0.36
5.959966421127319;7.0;-15.6;-55.7;-0.16;-0.69;-0.36
5.980111122131348;7.1;-15.5;-55.7;-0.16;-0.69;-0.36
6.000045537948608;7.1;-15.5;-55.7;-0.16;-0.69;-0.36
6.02014422416687;7.0;-15.6;-55.7;-0.16;-0.69;-0.36
6.040014982223511;7.0;-15.6;-55.7;-0.16;-0.69;-0.36
6.060110092163086;6.9;-15.5;-55.5;-0.16;-0.7;-0.36
6.079995393753052;7.0;-15.6;-55.7;-0.16;-0.69;-0.36
6.099979400634766;6.9;-15.5;-55.7;-0.16;-0.69;-0.36
6.119966983795166;7.0;-15.4;-55.7;-0.16;-0.69;-0.36
6.139922618865967;7.0;-15.6;-55.7;-0.16;-0.69;-0.36
6.160112380981445;7.0;-15.4;-55.7;-0.16;-0.69;-0.37
6.179943561553955;7.0;-15.4;-55.7;-0.16;-0.69;-0.37
6.199984788894653;7.0;-15.6;-55.7;-0.16;-0.69;-0.36
6.220109939575195;7.1;-15.5;-55.7;-0.16;-0.69;-0.36
6.240201473236084;7.1;-15.5;-55.7;-0.16;-0.69;-0.36
6.259942531585693;6.9;-15.5;-55.7;-0.16;-0.69;-0.36
6.279979467391968;7.0;-15.4;-55.7;-0.16;-0.69;-0.37
6.299976110458374;7.0;-15.6;-55.7;-0.16;-0.69;-0.36
6.3201985359191895;7.1;-15.5;-55.7;-0.16;-0.69;-0.36
6.339934825897217;7.0;-15.6;-55.7;-0.16;-0.69;-0.36
6.360001087188721;7.0;-15.4;-55.7;-0.16;-0.69;-0.37
6.38010573387146;7.1;-15.5;-55.7;-0.16;-0.69;-0.36
6.3999834060668945;7.0;-15.6;-55.7;-0.16;-0.69;-0.36
6.420131683349609;7.0;-15.4;-55.5;-0.16;-0.69;-0.37
6.439953565597534;7.0;-15.4;-55.5;-0.16;-0.69;-0.37
6.459970474243164;7.0;-15.6;-55.7;-0.16;-0.69;-0.36
6.479958772659302;7.0;-15.4;-55.7;-0.16;-0.69;-0.37
6.499957799911499;7.1;-15.5;-55.7;-0.16;-0.69;-0.36
6.5199809074401855;7.1;-15.5;-55.5;-0.16;-0.69;-0.36
6.539990186691284;7.1;-15.5;-55.7;-0.16;-0.69;-0.36
6.5600340366363525;7.0;-15.4;-55.7;-0.16;-0.69;-0.37
6.580106735229492;7.1;-15.5;-55.7;-0.16;-0.69;-0.36
6.600008964538574;7.1;-15.5;-55.5;-0.16;-0.69;-0.36
6.620099067687988;7.0;-15.4;-55.5;-0.16;-0.69;-0.37
6.640132665634155;7.1;-15.5;-55.7;-0.16;-0.69;-0.36
6.659946441650391;7.0;-15.4;-55.5;-0.16;-0.69;-0.37
6.679987192153931;7.0;-15.4;-55.7;-0.16;-0.69;-0.36
6.700150489807129;7.0;-15.4;-55.5;-0.16;-0.69;-0.37
6.720268249511719;7.1;-15.5;-55.7;-0.16;-0.69;-0.36
6.739994764328003;7.1;-15.5;-55.7;-0.16;-0.69;-0.36
6.760005950927734;6.9;-15.5;-55.5;-0.16;-0.69;-0.36
6.779969692230225;6.9;-15.5;-55.7;-0.16;-0.69;-0.36
6.7999794483184814;6.9;-15.5;-55.5;-0.16;-0.69;-0.36
6.819957733154297;7.0;-15.6;-55.7;-0.16;-0.69;-0.36
6.84013295173645;7.1;-15.5;-55.5;-0.16;-0.69;-0.36
6.859963893890381;6.9;-15.5;-55.5;-0.16;-0.69;-0.36
6.879944562911987;7.0;-15.4;-55.5;-0.16;-0.69;-0.37
6.899961471557617;7.0;-15.4;-55.5;-0.16;-0.69;-0.37
6.920100688934326;7.0;-15.4;-55.7;-0.16;-0.69;-0.37
6.939949035644531;7.0;-15.5;-55.3;-0.16;-0.69;-0.37
6.960087299346924;6.9;-15.5;-55.5;-0.16;-0.69;-0.36
6.98010516166687;7.0;-15.4;-55.5;-0.16;-0.69;-0.37
6.999979734420776;7.0;-15.4;-55.7;-0.16;-0.69;-0.37
7.0199525356292725;7.0;-15.4;-55.5;-0.16;-0.69;-0.37
7.04017972946167;6.9;-15.5;-55.7;-0.16;-0.69;-0.36
7.059952735900879;7.0;-15.4;-55.5;-0.16;-0.69;-0.37
7.080097436904907;7.0;-15.4;-55.5;-0.16;-0.69;-0.37
7.09996485710144;7.0;-15.4;-55.1;-0.16;-0.69;-0.37
7.119934320449829;7.0;-15.4;-55.7;-0.16;-0.69;-0.37
7.13993763923645;6.9;-15.5;-55.5;-0.16;-0.69;-0.36
7.159968614578247;7.0;-15.4;-55.5;-0.16;-0.69;-0.37
7.180096387863159;7.0;-15.4;-55.5;-0.16;-0.69;-0.37
7.199968099594116;7.0;-15.4;-55.5;-0.16;-0.69;-0.37
7.2199554443359375;7.0;-15.6;-55.7;-0.16;-0.69;-0.36
7.239959955215454;7.0;-15.6;-55.7;-0.16;-0.69;-0.36
7.260093688964844;7.0;-15.4;-55.7;-0.16;-0.69;-0.37
7.280120134353638;6.8;-15.5;-55.3;-0.16;-0.69;-0.37
7.300082683563232;6.8;-15.5;-55.3;-0.16;-0.69;-0.37
7.319940090179443;6.9;-15.5;-55.5;-0.16;-0.69;-0.36
7.339959621429443;7.0;-15.4;-55.5;-0.16;-0.69;-0.37
7.360175609588623;7.0;-15.4;-55.5;-0.16;-0.69;-0.37
7.380016803741455;7.1;-15.5;-55.5;-0.16;-0.69;-0.36
7.399988412857056;7.0;-15.4;-55.5;-0.16;-0.69;-0.37
7.420328378677368;7.1;-15.5;-55.5;-0.16;-0.69;-0.36
7.440176725387573;7.0;-15.4;-55.7;-0.16;-0.69;-0.37
7.459942817687988;7.0;-15.4;-55.5;-0.16;-0.69;-0.37
7.480082035064697;7.1;-15.5;-55.7;-0.16;-0.69;-0.36
7.499948978424072;6.9;-15.5;-55.5;-0.16;-0.69;-0.36
7.519960641860962;6.9;-15.5;-55.7;-0.16;-0.69;-0.36
7.539971590042114;6.9;-15.5;-55.5;-0.16;-0.69;-0.36
7.560018062591553;7.0;-15.4;-55.5;-0.16;-0.69;-0.37
7.580032110214233;6.9;-15.5;-55.5;-0.16;-0.69;-0.36
7.60015082359314;7.0;-15.4;-55.5;-0.16;-0.69;-0.37
7.620011568069458;6.9;-15.5;-55.7;-0.16;-0.69;-0.36
7.640110969543457;7.0;-15.4;-55.5;-0.16;-0.69;-0.37
7.659968614578247;7.0;-15.6;-55.7;-0.16;-0.69;-0.36
7.679944753646851;7.0;-15.4;-55.5;-0.16;-0.69;-0.37
7.700269937515259;7.0;-15.4;-55.5;-0.16;-0.69;-0.37
7.720076322555542;7.0;-15.4;-55.5;-0.16;-0.69;-0.37
7.740140199661255;7.0;-15.4;-55.5;-0.16;-0.69;-0.37
7.760046482086182;6.9;-15.5;-55.5;-0.16;-0.69;-0.36
7.780149698257446;6.3;-15.6;-55.3;-0.16;-0.69;-0.36
7.79997444152832;6.1;-15.4;-55.3;-0.16;-0.69;-0.36
7.819957733154297;6.2;-15.5;-55.7;-0.16;-0.68;-0.35
7.840122699737549;6.8;-15.4;-55.5;-0.16;-0.69;-0.37
7.8599958419799805;6.8;-15.3;-55.2;-0.16;-0.69;-0.35
7.879963397979736;7.0;-15.1;-55.4;-0.16;-0.69;-0.35
7.899957656860352;7.8;-15.4;-55.7;-0.16;-0.69;-0.36
7.920477390289307;7.2;-15.5;-55.9;-0.16;-0.68;-0.36
7.939977407455444;7.3;-15.7;-56.1;-0.16;-0.68;-0.36
7.9599668979644775;8.7;-14.7;-54.6;-0.15;-0.71;-0.36
7.979974269866943;7.4;-15.4;-55.5;-0.16;-0.69;-0.37
7.999991416931152;6.6;-15.4;-56.2;-0.16;-0.68;-0.36
8.020100116729736;6.6;-15.3;-56.1;-0.16;-0.68;-0.35
8.039966583251953;6.9;-15.1;-55.9;-0.16;-0.68;-0.34
8.060090780258179;7.4;-15.1;-55.4;-0.15;-0.69;-0.35
8.079946517944336;7.1;-14.9;-55.2;-0.16;-0.69;-0.33
8.099953651428223;21.6;-16.2;-24.8;0.41;-3.49;-0.35
8.12012505531311;9.9;-20.1;-1.6;0.82;-5.14;-0.52
8.139986753463745;21.8;-22.9;54.7;1.57;-10.07;-1.25
8.160125732421875;22.4;-25.0;51.0;1.98;-9.77;-2.12
8.179932832717896;10.6;-26.1;68.0;2.59;-11.1;-1.73
8.200101375579834;22.0;-32.0;84.2;3.12;-12.53;-2.8
8.219969511032104;29.4;-36.2;119.1;3.95;-15.38;-3.62
8.240057468414307;19.1;-32.1;178.2;3.84;-20.06;-3.05
8.259947776794434;3.6;-26.4;221.0;3.75;-23.16;-2.69
8.280168771743774;2.3;-24.2;315.3;4.5;-29.51;-2.43
8.300087690353394;-2.8;-17.9;360.5;6.59;-27.13;-1.4
8.31997561454773;-6.1;-10.4;335.3;7.68;-13.08;-0.59
8.339926958084106;-2.6;-7.2;376.6;7.55;8.35;0.84
8.35996961593628;-9.0;-2.4;368.0;5.37;19.12;0.86
8.380109548568726;-20.0;-5.9;399.1;4.2;24.1;0.2
8.40005350112915;-11.8;-5.7;357.5;3.66;23.0;0.11
8.420368194580078;1.4;-6.7;316.6;3.4;21.23;-0.15
8.439964532852173;-2.2;-8.0;368.0;3.12;23.88;-0.53
8.46020770072937;8.6;-8.8;337.6;2.58;22.46;-1.23
8.479988813400269;0.3;-7.4;363.9;1.71;23.78;-1.48
8.49992823600769;26.4;-9.9;275.4;1.33;19.13;-1.96
8.51996111869812;14.2;-9.4;292.8;0.75;19.96;-2.07
8.539998292922974;5.0;-12.0;326.6;0.59;21.46;-1.64
8.560004472732544;8.5;-10.5;319.8;0.47;20.9;-1.37
8.579994678497314;13.6;-10.5;271.4;0.4;17.96;-0.84
8.600038766860962;17.2;-10.2;305.7;2.17;9.42;0.73
8.620025157928467;30.0;-21.2;222.3;3.62;-11.3;1.7
8.63993501663208;4.4;-17.0;273.6;1.79;-25.78;1.8
8.659996032714844;12.6;-11.4;268.9;1.45;-27.05;2.06
8.67998743057251;-1.4;-16.7;307.7;1.9;-30.35;1.73
8.700148105621338;-4.1;-17.8;269.0;2.61;-27.79;0.68
8.720147132873535;4.8;-20.5;314.2;3.03;-31.14;0.12
8.73994493484497;14.9;-18.8;277.1;3.38;-28.56;-1.08
8.76010513305664;17.5;-15.2;265.6;3.39;-27.22;-1.31
8.780007123947144;13.1;-22.1;312.6;4.78;-28.22;-1.57
8.8001070022583;12.7;-19.5;297.0;6.7;-21.65;-2.05
8.82000207901001;6.5;-12.2;325.1;7.8;-11.48;-1.56
8.83992886543274;16.3;-9.7;322.5;7.8;4.32;-0.95
8.859957695007324;14.3;-7.2;348.3;6.8;14.78;-0.6
8.879979848861694;12.8;-9.7;356.9;5.41;19.25;-0.5
8.899949073791504;12.5;-9.3;367.5;4.2;21.57;-0.39
8.920213460922241;19.4;-10.1;338.2;3.25;20.64;-0.59
8.940228462219238;24.8;-9.8;329.2;2.22;19.88;-0.7
8.959983110427856;30.7;-5.3;276.9;1.08;16.65;-0.48
8.980143308639526;47.9;-2.3;224.6;0.59;12.22;-0.1
9.000073671340942;51.1;-8.6;233.6;1.28;-1.05;0.71
9.019927978515625;45.4;-3.2;201.7;1.06;-16.85;1.94
9.040072441101074;42.7;-6.3;230.8;0.41;-23.84;2.0
9.059966564178467;27.5;-6.9;220.4;1.12;-23.61;1.93
9.080103635787964;34.3;-7.8;262.1;1.78;-27.3;2.08
9.100002765655518;33.2;-6.5;267.9;2.4;-28.1;1.99
9.11998701095581;28.2;-8.3;274.0;3.0;-28.92;1.54
9.140095710754395;30.9;-7.5;290.0;3.43;-30.41;1.31
9.159992456436157;29.0;-6.3;296.0;3.89;-31.16;0.95
9.180108547210693;24.4;-6.5;296.7;4.38;-31.44;0.54
9.199934244155884;34.6;-5.6;303.8;4.83;-32.29;0.25
9.219933271408081;27.6;-6.3;307.5;5.22;-32.82;0.32
9.240009784698486;17.1;-5.1;296.9;5.47;-32.05;0.45
9.260090589523315;24.8;-3.0;292.0;5.56;-31.96;0.59
9.279990673065186;27.2;-2.9;292.7;5.54;-32.14;0.89
9.300068378448486;26.4;-1.7;301.4;5.55;-33.1;1.31
9.319933891296387;31.4;-1.3;300.2;5.54;-33.2;1.46
9.33999514579773;-40.9;8.5;245.7;4.97;-28.13;2.59
9.35998272895813;-74.0;1.6;103.6;4.08;-14.79;2.2
9.379979610443115;-100.6;21.2;243.3;5.51;-26.65;5.18
9.39998197555542;-2.9;-7.4;246.2;6.03;-28.47;0.56
9.420015335083008;-22.9;14.5;157.8;5.14;-20.17;1.65
9.440231084823608;-21.2;1.0;255.3;6.23;-28.43;0.07
9.460167646408081;-17.5;2.6;247.0;6.66;-27.84;-0.52
9.480237007141113;28.6;8.8;236.0;6.71;-27.25;-0.78
9.499998092651367;40.3;-0.9;309.0;7.8;-33.62;-1.7
9.520066738128662;26.3;2.2;279.6;8.21;-31.2;-1.85
9.540146112442017;-4.2;3.2;244.3;8.24;-27.82;-0.84
9.560164451599121;-11.2;4.3;272.4;8.72;-30.19;-0.14
9.580052614212036;-25.4;7.3;261.1;8.91;-29.05;0.55
9.600134372711182;-19.8;5.0;255.5;9.08;-28.56;1.05
9.620055198669434;-25.6;5.4;275.1;9.47;-30.07;1.77
9.640056133270264;-29.6;5.9;262.0;9.78;-28.79;1.58
9.660041332244873;-23.3;3.7;266.1;10.16;-28.97;1.01
9.680094718933105;-8.4;5.1;281.5;10.79;-30.08;0.04
9.700151920318604;5.2;5.3;276.4;11.07;-29.27;-0.14
9.720189094543457;5.0;7.0;271.3;11.35;-28.11;0.31
9.740048170089722;4.1;7.8;252.0;11.83;-25.46;0.38
9.76016879081726;1.8;7.8;245.1;13.8;-20.42;0.21
9.78002405166626;-3.3;6.8;237.9;16.97;-10.07;-0.05
9.800133228302002;-3.0;9.4;267.8;16.8;3.84;-0.21
9.820007801055908;-7.6;14.6;307.9;12.59;16.2;-0.44
9.840000867843628;-16.0;8.3;344.7;10.5;21.88;-1.01
9.860132694244385;-24.1;3.3;362.3;9.66;23.65;-1.26
9.879984617233276;-15.9;0.8;314.4;7.9;21.7;-1.59
9.900108814239502;-4.1;-1.5;277.1;6.07;19.9;-1.94
9.920049667358398;3.6;-1.5;259.1;4.45;18.95;-2.49
9.940133333206177;0.8;-1.9;240.1;3.05;18.04;-2.82
9.960014820098877;-2.4;-2.2;226.4;1.78;17.29;-2.86
9.980182886123657;0.4;0.4;207.5;0.43;16.22;-2.92
10.000354766845703;1.1;1.4;180.6;-0.35;14.68;-2.88
10.020222425460815;-2.5;1.3;178.4;-0.7;14.6;-2.72
10.040150165557861;-5.8;1.2;177.6;-0.74;14.62;-2.54
10.060140371322632;-4.3;0.3;168.7;-0.63;14.16;-2.43
10.080143451690674;-0.1;0.6;171.9;-0.43;14.29;-2.44
10.100025653839111;-0.3;1.5;180.7;-0.14;14.76;-2.44
10.120020389556885;-3.7;3.0;204.3;0.45;16.03;-2.44
10.139918804168701;-3.6;4.0;216.5;1.23;16.71;-2.52
10.160039186477661;-3.3;4.5;229.1;2.23;17.45;-2.57
10.18010926246643;-4.7;5.0;252.9;3.43;18.79;-2.57
10.199946880340576;-6.0;5.6;274.4;4.71;20.06;-2.59
10.219938278198242;-6.9;5.7;292.6;5.96;21.14;-2.6
10.240125894546509;-7.0;6.0;312.5;7.15;22.34;-2.64
10.26017165184021;-8.1;6.8;331.7;8.29;23.5;-2.66
10.280015230178833;-9.0;7.7;350.8;9.19;24.68;-2.7
10.300205945968628;-8.9;8.2;364.7;9.96;25.53;-2.71
10.320085048675537;-8.4;8.4;372.0;10.54;25.99;-2.68
10.340075969696045;-8.1;8.3;378.0;10.94;26.36;-2.61
10.35994291305542;-8.8;8.0;380.1;11.11;26.52;-2.54
10.380086898803711;-8.1;7.3;378.4;10.99;26.48;-2.48
10.400107860565186;-6.5;6.6;371.5;10.57;26.18;-2.49
10.41991901397705;-4.7;5.8;363.2;9.93;25.8;-2.53
10.439979553222656;-3.1;4.9;352.9;9.12;25.32;-2.59
10.46006989479065;-1.1;4.0;338.6;8.18;24.6;-2.65
10.480005025863647;0.6;2.4;321.4;7.17;23.66;-2.68
10.499995708465576;2.1;1.0;303.1;6.14;22.63;-2.69
10.520178079605103;2.8;-0.4;282.8;4.98;21.46;-2.69
10.54001235961914;3.1;-1.1;265.4;3.98;20.43;-2.68
10.56003451347351;3.2;-1.5;248.1;3.03;19.39;-2.69
10.580039024353027;3.2;-1.1;234.1;2.15;18.51;-2.71
10.600239276885986;3.2;-0.9;222.3;1.44;17.79;-2.71
10.620031118392944;3.1;-0.3;212.5;0.91;17.19;-2.72
10.63997745513916;3.2;-0.4;205.2;0.59;16.73;-2.69
10.659998416900635;3.2;-0.4;200.4;0.47;16.43;-2.66
10.680212259292603;2.8;-0.3;200.3;0.55;16.41;-2.64
10.700105428695679;2.2;-0.0;204.4;0.79;16.59;-2.63
10.720120429992676;1.5;0.3;211.5;1.2;16.95;-2.63
10.739919662475586;0.8;1.2;222.4;1.73;17.49;-2.64
10.760022163391113;-0.1;2.0;235.9;2.41;18.18;-2.66
10.780046224594116;-1.1;2.8;253.2;3.33;19.11;-2.65
10.800018310546875;-2.3;3.4;269.4;4.26;19.99;-2.63
10.82012939453125;-3.2;4.2;285.5;5.25;20.88;-2.6
10.840007543563843;-4.0;5.1;301.1;6.23;21.75;-2.57
10.85999608039856;-4.8;5.9;316.8;7.15;22.6;-2.55
10.880011320114136;-5.5;6.6;330.6;7.99;23.38;-2.52
10.899972677230835;-6.1;7.0;343.1;8.69;24.03;-2.51
10.919980525970459;-6.5;7.3;352.3;9.24;24.53;-2.5
10.94007921218872;-6.7;7.4;360.1;9.67;24.92;-2.49
10.960010051727295;-6.6;7.2;363.6;9.86;25.06;-2.5
10.979948043823242;-6.2;6.8;362.9;9.84;24.98;-2.5
11.000114917755127;-5.2;5.9;359.3;9.59;24.76;-2.5
11.019997358322144;-3.6;5.0;352.1;9.11;24.38;-2.52
11.039966583251953;-1.9;3.8;342.6;8.42;23.88;-2.54
11.06004810333252;0.3;2.6;327.6;7.44;23.09;-2.55
11.079995393753052;1.9;1.7;312.4;6.47;22.22;-2.55
11.099989175796509;2.8;0.7;295.6;5.43;21.21;-2.52
11.119995355606079;3.3;-0.1;278.1;4.39;20.12;-2.47
11.139992952346802;3.5;-0.5;258.8;3.36;18.93;-2.42
11.160101652145386;3.7;-0.9;238.6;2.35;17.64;-2.36
11.17998480796814;3.7;-0.4;214.6;1.38;16.1;-2.31
11.200013875961304;1.4;4.2;139.4;0.11;11.8;-2.13
11.22001338005066;15.1;7.3;30.1;-0.08;5.65;-2.03
11.240247011184692;21.4;-3.3;-31.0;0.44;2.26;-1.14
11.260071516036987;23.0;20.4;27.7;4.39;-5.67;1.23
11.280130386352539;4.8;23.4;99.7;6.03;-12.65;3.06
11.300030946731567;13.1;9.2;153.3;6.95;-17.53;1.48
11.319998502731323;13.4;0.5;222.8;9.13;-23.89;0.93
11.340018033981323;-0.6;6.1;244.0;11.17;-25.98;0.97
11.360004901885986;-12.1;-8.4;263.8;13.14;-27.71;-0.08
11.380119562149048;-11.0;-11.6;294.0;14.85;-30.49;-0.47
11.400002241134644;-11.4;-14.2;316.6;16.1;-32.59;-0.8
11.420011758804321;-10.9;-18.1;337.4;17.08;-34.49;-1.23
11.44015383720398;-9.2;-15.0;362.2;17.79;-36.82;-1.24
11.459980726242065;-6.8;-14.9;381.0;18.14;-38.65;-1.52
11.480017900466919;-4.5;-12.6;392.1;18.29;-39.9;-1.61
11.500101566314697;-6.2;-13.1;391.3;18.39;-40.03;-1.68
11.520034551620483;-8.6;-15.0;380.5;18.31;-39.2;-1.73
11.540109395980835;-7.5;-17.2;368.0;17.98;-38.21;-1.92
11.560025215148926;-6.9;-17.9;352.9;17.29;-36.99;-1.99
11.580124378204346;-4.2;-16.9;336.8;16.27;-35.69;-2.05
11.600083827972412;-0.9;-13.5;322.6;14.94;-34.56;-1.84
11.62003755569458;2.1;-8.4;304.3;13.16;-33.04;-1.29
11.640007495880127;4.4;-4.2;282.3;11.51;-31.22;-0.68
11.660028457641602;5.4;-1.6;256.3;10.04;-29.0;-0.16
11.67999005317688;5.3;-1.1;228.2;8.8;-26.55;0.23
11.700084209442139;6.1;-0.9;196.8;7.66;-23.82;0.53
11.720040798187256;7.8;-0.8;169.5;6.57;-21.43;0.78
11.739991188049316;9.5;0.6;145.9;5.52;-19.36;1.05
11.760016441345215;11.4;3.5;124.1;4.41;-17.4;1.42
11.780012130737305;12.5;6.4;111.8;3.6;-16.27;1.72
11.80025315284729;12.8;9.2;102.0;3.09;-15.39;1.85
11.819995403289795;12.4;9.8;94.1;3.02;-14.67;1.74
11.840003967285156;10.8;9.0;90.8;3.39;-14.39;1.52
11.85998272895813;9.1;7.2;93.1;4.15;-14.5;1.16
11.880088090896606;7.5;5.1;101.3;5.33;-15.1;0.74
11.900006771087646;5.6;4.4;117.7;6.58;-16.31;0.55
11.919992208480835;4.0;4.5;137.5;8.04;-17.65;0.4
11.940232992172241;2.0;4.3;162.8;9.9;-19.17;0.23
11.960114002227783;0.8;2.8;193.0;12.32;-20.16;0.02
11.980161190032959;9.1;-2.5;263.4;18.84;-14.81;-1.28
11.999969482421875;16.0;-11.1;321.8;23.64;-3.97;-2.21
12.01996660232544;8.2;-12.1;409.1;26.75;8.93;-2.34
12.040004253387451;3.6;-10.4;470.3;26.92;19.31;-1.9
12.060007572174072;-3.1;-8.7;480.5;24.78;25.62;-1.75
12.080008268356323;-14.8;-7.4;487.4;23.08;28.74;-1.09
12.10010290145874;-10.3;-8.2;448.9;20.48;28.15;-0.98
12.120177268981934;0.0;-8.7;410.7;17.73;26.9;-1.2
12.140090703964233;7.6;-12.2;389.2;15.18;26.15;-1.45
12.159976482391357;7.0;-12.2;349.5;11.81;24.35;-1.58
12.179986476898193;7.5;-12.5;322.7;9.04;23.02;-1.66
12.200070858001709;9.5;-13.3;274.1;6.48;20.36;-1.71
12.220061302185059;11.1;-15.2;222.3;4.34;17.39;-1.68
12.240020751953125;7.7;-15.6;198.1;2.53;15.94;-1.59
12.260101795196533;5.8;-14.5;170.3;0.96;14.31;-1.59
12.279960870742798;5.6;-13.2;141.7;-0.28;12.56;-1.58
12.299947023391724;6.3;-11.1;126.7;-1.3;11.58;-1.62
12.319999694824219;5.2;-8.8;117.4;-1.81;11.03;-1.65
12.339976787567139;4.1;-8.0;120.8;-1.95;11.21;-1.69
12.359991788864136;4.6;-8.4;123.2;-1.54;11.36;-1.73
12.379995107650757;5.6;-9.4;131.7;-0.77;11.85;-1.73
12.399961471557617;5.6;-9.4;151.2;0.27;12.9;-1.75
12.419953346252441;4.0;-8.9;178.5;1.76;14.41;-1.73
12.440222024917603;2.3;-7.7;208.0;3.3;16.07;-1.74
12.46010971069336;0.7;-6.1;240.7;5.03;17.94;-1.78
12.48000431060791;-0.2;-4.0;275.5;6.88;19.94;-1.83
12.500113725662231;-1.9;-3.2;312.3;8.98;22.04;-1.81
12.520018100738525;-3.2;-2.4;345.0;11.17;23.93;-1.77
12.540178775787354;-3.9;-2.5;374.0;13.29;25.55;-1.73
12.559967994689941;-4.6;-2.4;402.7;15.37;27.16;-1.68
12.580009460449219;-5.3;-2.2;424.0;16.83;28.31;-1.68
12.600117206573486;-5.4;-1.7;439.2;17.83;29.1;-1.73
12.620054244995117;-5.0;-1.8;449.4;18.41;29.62;-1.79
12.64020299911499;-4.4;-1.9;454.2;18.56;29.81;-1.86
12.660198211669922;-3.3;-2.3;451.3;18.29;29.64;-1.89
12.680015563964844;-0.9;-3.8;441.2;17.61;29.14;-1.89
12.700263738632202;2.8;-6.3;421.9;16.31;28.21;-1.88
12.720250129699707;6.3;-9.1;397.3;14.73;26.93;-1.85
12.740315914154053;8.5;-11.2;369.6;12.83;25.42;-1.8
12.76004958152771;10.2;-13.2;336.9;10.74;23.55;-1.75
12.780005693435669;10.7;-14.6;301.4;8.39;21.45;-1.67
12.799997806549072;10.5;-14.2;264.0;5.96;19.24;-1.65
12.820091485977173;10.1;-13.7;215.8;3.42;16.42;-1.56
12.840096950531006;9.0;-12.3;159.2;1.45;13.15;-1.43
12.859989881515503;12.0;-8.2;60.4;0.04;7.53;-1.31
12.88009762763977;20.5;-10.8;-30.4;0.16;2.28;-0.9
12.90000057220459;21.5;-17.8;-55.7;0.39;0.85;-0.25
12.919999599456787;20.0;-20.2;-55.2;0.4;0.79;-0.3
12.940372705459595;21.2;24.9;52.9;6.38;-8.32;2.29
12.96002745628357;3.5;-29.0;117.5;8.63;-13.79;-1.31
12.98011040687561;-0.6;-0.0;178.5;11.39;-19.21;0.85
13.000003814697266;-1.6;-26.1;264.9;15.13;-26.65;-1.49
13.020117998123169;-13.9;-21.5;281.0;16.43;-28.19;-0.62
13.04002833366394;-9.9;-37.6;305.8;17.97;-30.41;-2.18
13.060014963150024;-14.1;-38.3;355.9;20.43;-34.69;-2.15
13.080112934112549;-12.5;-43.6;379.5;21.74;-36.92;-2.82
13.10000467300415;-12.3;-45.9;393.0;22.48;-38.19;-3.08
13.119991302490234;-11.5;-42.1;425.5;23.91;-41.33;-3.07
13.140007734298706;-9.1;-39.9;440.8;24.55;-42.96;-3.19
13.16014838218689;-8.7;-37.8;437.2;24.39;-42.84;-3.16
13.180006742477417;-7.6;-39.0;436.0;24.35;-42.79;-3.39
13.200023889541626;-6.5;-40.0;420.5;23.75;-41.59;-3.52
13.220003366470337;-3.6;-42.1;390.9;22.46;-39.19;-3.82
13.23999285697937;-1.6;-40.2;362.3;21.04;-36.91;-3.77
13.259980916976929;0.9;-38.3;334.9;19.62;-34.72;-3.76
13.280014038085938;4.4;-33.2;299.4;17.77;-31.83;-3.45
13.300003051757812;6.7;-27.4;267.4;15.98;-29.23;-3.02
13.320095777511597;8.5;-21.0;233.9;14.18;-26.47;-2.45
13.34000563621521;11.5;-17.8;193.5;12.26;-23.07;-2.13
13.359986066818237;12.6;-17.7;146.9;10.15;-19.07;-1.94
13.379998683929443;12.9;-18.1;109.3;8.46;-15.8;-1.82
13.39999508857727;13.7;-18.0;75.0;6.91;-12.82;-1.7
13.42000126838684;13.6;-16.0;45.9;5.55;-10.19;-1.44
13.439975261688232;13.7;-13.3;20.8;4.33;-7.79;-1.16
13.459999084472656;13.4;-10.3;1.1;3.39;-5.8;-0.87
13.479986190795898;13.7;-9.1;-1.0;3.64;-3.87;-0.79
13.50029969215393;15.8;-9.3;57.1;7.29;2.29;-1.99
13.520052671432495;8.3;-10.9;135.5;10.42;8.34;-2.14
13.54012155532837;1.0;-13.8;234.6;14.35;14.32;-2.0
13.560030937194824;-3.8;-18.5;321.9;17.76;19.43;-1.87
13.580126285552979;-9.7;-23.7;393.3;20.57;23.56;-1.7
13.600054264068604;-11.9;-20.8;421.8;21.65;25.64;-1.74
13.62014389038086;-8.2;-20.1;416.4;21.36;25.83;-1.83
13.64003300666809;-2.0;-18.9;428.7;21.36;26.93;-2.27
13.660106420516968;-2.4;-18.5;437.6;21.22;27.66;-2.34
13.680011987686157;-4.5;-18.0;439.8;20.84;28.05;-2.17
13.699998378753662;-2.2;-17.5;427.0;19.96;27.73;-2.02
13.720058917999268;3.5;-20.4;392.5;18.55;26.26;-1.74
13.740008354187012;4.9;-22.7;366.7;17.23;25.16;-1.43
13.760026931762695;4.6;-24.0;350.3;15.92;24.47;-1.18
13.780391931533813;7.4;-25.3;316.2;13.94;22.75;-1.05
13.800065994262695;10.1;-25.9;286.2;12.11;21.11;-1.05
13.820001125335693;11.0;-25.9;264.7;10.34;19.9;-1.14
13.840012073516846;10.0;-25.3;243.8;8.75;18.71;-1.25
13.860074043273926;9.8;-25.8;220.8;7.49;17.39;-1.38
13.880007266998291;10.6;-27.1;198.0;6.54;16.04;-1.45
13.900118589401245;10.8;-28.0;181.8;5.88;15.07;-1.5
13.920003652572632;10.1;-29.0;172.6;5.49;14.5;-1.55
13.939997434616089;10.6;-29.2;170.2;5.28;14.33;-1.64
13.960019588470459;11.3;-28.1;173.4;5.3;14.44;-1.78
13.980087518692017;11.2;-26.6;181.4;5.68;14.78;-1.82
14.000011682510376;9.2;-24.8;196.8;6.48;15.49;-1.75
14.020095348358154;7.0;-23.4;215.4;7.67;16.34;-1.6
14.039963722229004;5.1;-22.0;236.5;9.38;17.36;-1.4
14.0602126121521;3.3;-21.4;259.6;11.13;18.42;-1.24
14.080007791519165;1.8;-21.2;285.5;12.93;19.57;-1.15
14.100000619888306;1.1;-20.4;314.0;14.77;20.75;-1.2
14.12009310722351;0.8;-19.7;342.8;16.66;21.74;-1.31
14.140010595321655;0.8;-19.4;368.1;18.54;22.33;-1.47
14.1599702835083;2.0;-21.3;370.0;20.47;20.88;-1.54
14.180006504058838;19.8;-25.2;329.3;21.53;15.79;-1.78
14.200110912322998;30.5;-31.5;319.9;23.26;8.89;-2.08
14.220289707183838;24.0;-33.0;299.6;22.99;-0.92;-1.85
14.240018129348755;14.1;-29.3;282.6;21.05;-10.91;-1.37
14.260175704956055;8.3;-22.3;268.7;18.79;-18.58;-0.82
14.280086517333984;10.0;-19.2;254.7;16.6;-23.16;-1.06
14.30008602142334;5.1;-20.8;253.8;15.78;-24.87;-1.13
14.319957256317139;1.2;-21.5;243.1;14.97;-24.83;-1.04
14.340047121047974;1.6;-22.5;234.7;14.44;-24.54;-1.13
14.36011815071106;1.2;-23.7;233.4;14.2;-24.65;-1.23
14.379963636398315;1.9;-22.0;228.4;13.84;-24.44;-1.14
14.40001130104065;2.8;-21.1;224.9;13.53;-24.27;-1.11
14.42006802558899;5.1;-20.0;226.0;13.45;-24.47;-1.1
14.439976215362549;7.2;-19.2;225.6;13.32;-24.53;-1.08
14.459969758987427;5.3;-18.5;220.4;13.05;-24.12;-0.95
14.479978322982788;4.1;-20.0;217.0;12.93;-23.86;-1.0
14.50000524520874;3.6;-20.8;213.8;12.84;-23.59;-1.03
14.520034074783325;2.9;-21.8;212.0;12.78;-23.41;-1.06
14.540135622024536;2.6;-21.7;212.8;12.84;-23.42;-1.04
14.560048580169678;3.2;-20.7;215.3;12.98;-23.58;-0.99
14.580143213272095;3.9;-19.7;218.1;13.14;-23.72;-0.96
14.600029945373535;3.8;-18.6;221.5;13.38;-23.81;-0.91
14.620016813278198;2.8;-19.3;222.2;13.59;-23.67;-1.0
14.640056848526001;2.0;-20.5;221.4;13.79;-23.34;-1.13
14.660120964050293;1.9;-21.6;222.3;14.08;-23.02;-1.26
14.679966926574707;2.4;-22.4;223.8;14.45;-22.53;-1.39
14.699989557266235;2.8;-23.4;225.9;15.04;-21.58;-1.52
14.720077753067017;7.8;-25.0;245.2;17.53;-17.81;-2.01
14.73998475074768;12.2;-28.5;263.3;19.93;-11.07;-2.44
14.759982585906982;14.1;-30.2;287.9;22.0;-2.86;-2.8
14.780119180679321;10.8;-26.4;315.5;22.64;6.48;-2.63
14.800151586532593;6.1;-22.0;336.8;21.73;14.32;-2.31
14.820003509521484;2.1;-18.5;352.5;20.25;19.48;-2.07
14.840006589889526;-4.8;-21.6;361.2;18.99;21.66;-1.37
14.860126972198486;-12.5;-22.7;358.8;17.5;22.57;-0.99
14.880204200744629;-3.3;-23.2;320.5;15.17;21.31;-1.19
14.900028467178345;6.3;-24.5;287.8;12.99;19.95;-1.52
14.920139789581299;9.5;-26.0;268.3;11.19;19.13;-1.67
14.940023183822632;6.9;-25.5;251.9;9.59;18.4;-1.73
14.959998846054077;6.0;-24.8;238.5;8.21;17.78;-1.77
14.979971647262573;8.8;-26.0;206.2;7.04;16.02;-1.71
14.999947786331177;9.8;-27.4;182.9;6.27;14.7;-1.54
15.020010948181152;7.3;-27.1;180.1;5.89;14.58;-1.4
15.040079593658447;6.7;-26.7;175.1;5.65;14.33;-1.33
15.060030460357666;9.0;-25.8;175.4;5.64;14.3;-1.37
15.080114841461182;8.5;-24.5;183.0;5.88;14.64;-1.38
15.100013494491577;4.9;-22.4;201.3;6.53;15.51;-1.37
15.120088815689087;2.4;-21.0;218.8;7.54;16.34;-1.33
15.140008687973022;1.6;-20.7;236.8;8.98;17.21;-1.3
15.159972429275513;0.0;-19.8;259.0;10.47;18.34;-1.3
15.180013179779053;-2.1;-19.3;284.3;12.01;19.59;-1.29
15.200035572052002;-3.5;-18.2;309.6;13.5;20.87;-1.35
15.220018863677979;-3.5;-17.1;333.8;14.93;22.04;-1.43
15.23999547958374;-3.5;-16.4;355.4;16.23;22.98;-1.53
15.260011434555054;-4.1;-15.7;380.1;17.67;24.01;-1.57
15.280005693435669;-3.9;-15.5;396.4;18.79;24.51;-1.58
15.300167322158813;-2.5;-17.1;402.5;19.62;24.38;-1.53
15.32013726234436;-0.6;-18.5;403.6;20.29;23.81;-1.5
15.339999198913574;3.2;-21.6;382.2;20.67;21.64;-1.46
15.36002254486084;17.3;-23.2;310.1;19.33;16.75;-1.53
15.38019323348999;28.0;-26.7;256.8;18.09;11.96;-1.59
15.400013208389282;28.4;-26.8;193.1;16.19;4.36;-1.63
15.419963121414185;18.6;-21.0;152.2;13.81;-4.13;-1.12
15.440006494522095;12.8;-13.0;126.3;11.06;-10.42;-0.36
15.460125923156738;16.4;-13.0;123.7;9.89;-13.74;-0.52
15.479942798614502;13.0;-14.0;134.3;9.99;-15.32;-0.45
15.50000524520874;7.6;-15.3;145.5;10.35;-16.59;-0.32
15.520009756088257;6.0;-19.1;153.5;10.65;-17.43;-0.58
15.540107250213623;5.8;-20.3;168.9;11.29;-18.88;-0.77
15.560017824172974;4.8;-20.1;187.3;12.03;-20.52;-0.8
15.580139636993408;3.6;-19.3;205.8;12.77;-22.14;-0.79
15.600036859512329;4.3;-18.7;226.9;13.66;-23.95;-0.89
15.620143175125122;5.0;-18.8;246.8;14.56;-25.67;-1.03
15.64004111289978;2.7;-20.3;260.9;15.31;-26.79;-1.14
15.66012167930603;0.9;-22.8;271.7;16.0;-27.63;-1.3
15.679992914199829;0.4;-26.0;280.6;16.64;-28.28;-1.55
15.700050115585327;-0.5;-27.6;286.5;17.06;-28.59;-1.65
15.720123529434204;-0.8;-28.1;293.3;17.47;-28.96;-1.7
15.740014553070068;-0.1;-26.9;297.4;17.77;-29.06;-1.68
15.760340452194214;0.8;-26.2;296.3;17.85;-28.6;-1.68
15.780153036117554;1.6;-24.8;294.2;17.93;-27.92;-1.62
15.799999952316284;1.1;-24.0;285.2;17.8;-26.46;-1.56
15.819953918457031;2.7;-25.7;273.1;17.92;-23.64;-1.72
15.840184450149536;5.6;-27.1;268.6;18.77;-19.33;-1.85
15.859971761703491;10.2;-29.6;256.8;19.2;-13.08;-2.05
15.880025625228882;13.9;-29.7;247.6;19.46;-6.03;-2.21
15.900123119354248;13.3;-25.1;239.2;18.69;2.14;-2.11
15.920011758804321;10.4;-18.2;234.5;16.72;9.35;-2.03
15.940085887908936;4.3;-14.2;240.5;14.5;14.35;-1.71
15.959963083267212;-0.1;-17.1;248.4;13.53;15.9;-1.29
15.979969024658203;-3.9;-19.8;261.3;13.11;17.0;-1.18
16.00004506111145;-7.7;-21.9;270.3;12.5;17.87;-1.1
16.020145893096924;-5.5;-22.5;253.6;11.27;17.39;-1.27
16.040016174316406;0.8;-23.8;239.1;10.13;16.9;-1.61
16.059999227523804;3.8;-24.9;231.8;9.21;16.67;-1.89
16.080077648162842;4.0;-23.7;230.1;8.45;16.68;-2.16
16.09995675086975;3.1;-23.6;225.6;8.04;16.53;-2.15
16.12000012397766;4.0;-23.6;222.1;7.99;16.35;-2.08
16.14000701904297;3.5;-24.3;219.3;8.23;16.21;-1.88
16.1599862575531;1.1;-24.2;222.7;8.65;16.35;-1.6
16.180009603500366;-0.6;-22.7;234.2;9.14;16.89;-1.44
16.200002431869507;-1.0;-21.2;242.4;9.63;17.22;-1.37
16.219951152801514;-1.9;-19.1;257.3;10.34;17.89;-1.38
16.240045070648193;-3.7;-17.3;276.0;11.19;18.79;-1.39
16.260082483291626;-4.9;-16.5;290.5;12.14;19.48;-1.44
16.28025484085083;-4.5;-16.8;302.3;13.17;19.97;-1.52
16.300031900405884;-3.8;-17.6;315.1;14.24;20.52;-1.59
16.32023787498474;-3.9;-18.1;326.7;15.15;20.93;-1.6
16.340023517608643;-3.2;-17.8;336.7;15.86;21.16;-1.66
16.359973192214966;-1.4;-17.9;339.9;16.37;20.95;-1.73
16.380075454711914;0.6;-18.2;323.2;16.33;19.84;-1.65
16.40012526512146;10.2;-17.4;272.6;15.55;17.05;-1.61
16.420104026794434;20.1;-20.1;242.2;15.43;14.26;-1.57
16.43999743461609;25.8;-20.5;207.9;15.4;10.06;-1.59
16.460197925567627;24.0;-23.1;176.0;15.12;4.07;-1.41
16.480201959609985;18.6;-21.6;161.8;14.45;-3.73;-0.99
16.50002670288086;14.3;-17.1;155.1;13.19;-9.43;-0.65
16.520126819610596;10.7;-14.8;164.4;12.65;-14.55;-0.52
16.540016889572144;7.4;-14.8;181.7;12.69;-18.14;-0.55
16.560150146484375;4.6;-16.7;194.2;13.04;-19.8;-0.64
16.58001399040222;4.2;-19.9;207.7;13.59;-21.21;-0.94
16.5999858379364;2.6;-21.0;223.2;14.27;-22.66;-1.04
16.620041847229004;1.9;-22.1;234.6;14.79;-23.71;-1.15
16.640017986297607;2.3;-22.1;248.1;15.39;-24.84;-1.23
16.66013240814209;2.8;-22.1;260.5;15.96;-25.83;-1.31
16.680001974105835;3.1;-22.0;267.1;16.31;-26.31;-1.33
16.70015287399292;2.2;-22.4;272.8;16.64;-26.68;-1.32
16.720174074172974;1.5;-23.5;272.9;16.76;-26.55;-1.36
16.73997688293457;1.8;-24.3;268.8;16.69;-25.97;-1.41
16.759995222091675;1.9;-24.8;265.3;16.68;-25.29;-1.42
16.78001046180725;1.8;-23.9;259.7;16.57;-24.3;-1.36
16.799977779388428;3.0;-23.0;251.0;16.51;-22.58;-1.33
16.820008754730225;5.0;-22.3;246.5;16.97;-19.83;-1.38
16.839980840682983;7.7;-22.7;238.1;17.4;-15.67;-1.51
16.860005378723145;10.5;-23.9;230.6;17.8;-10.61;-1.73
16.8801052570343;13.7;-25.1;223.6;18.01;-4.8;-2.04
16.900115728378296;12.4;-23.4;216.6;17.22;2.73;-2.13
16.920010328292847;9.1;-19.5;220.0;16.05;8.53;-2.08
16.940112113952637;5.0;-16.4;229.0;14.78;12.73;-1.87
16.96008849143982;1.9;-16.4;245.3;14.03;15.29;-1.57
16.98001790046692;-1.8;-17.9;263.4;13.8;16.76;-1.37
16.999995470046997;-5.5;-18.5;283.0;13.68;18.15;-1.38
17.020185947418213;-9.1;-19.7;291.0;13.17;18.98;-1.44
17.039994955062866;-5.5;-21.0;278.2;12.35;18.63;-1.61
17.05997610092163;-1.7;-22.0;270.1;11.63;18.38;-1.82
17.080023050308228;-0.2;-22.9;266.8;11.1;18.36;-1.96
17.100127696990967;0.5;-22.9;263.9;10.68;18.3;-2.03
17.1199791431427;1.5;-23.0;257.4;10.33;18.02;-1.98
17.14000368118286;1.8;-23.1;250.5;10.11;17.7;-1.83
