0.000000000000000000e+00,-6.726847977878140650e-02,-5.916046091739315255e-02,0.000000000000000000e+00
2.017903327941890021e-02,-6.723288164561365410e-02,-5.918153371670845792e-02,0.000000000000000000e+00
3.999066352844229955e-02,-6.704431457100586134e-02,-5.919553275282277843e-02,0.000000000000000000e+00
6.013369560241690198e-02,-6.707691359071923931e-02,-5.927822446155966984e-02,0.000000000000000000e+00
7.999801635742180561e-02,-6.699366782601795522e-02,-5.921354643900644116e-02,0.000000000000000000e+00
1.001822948455809992e-01,-6.705536978614576316e-02,-5.911289711674888592e-02,0.000000000000000000e+00
1.201720237731933039e-01,-6.710355011248844703e-02,-5.903592329163342978e-02,0.000000000000000000e+00
1.400690078735351007e-01,-6.710548928415484282e-02,-5.900910447688351157e-02,0.000000000000000000e+00
1.599607467651366910e-01,-6.703182460281541244e-02,-5.890908182135803917e-02,0.000000000000000000e+00
1.800527572631835938e-01,-6.703651850097534781e-02,-5.882022812701589304e-02,0.000000000000000000e+00
1.999552249908446988e-01,-6.703926847374719333e-02,-5.877097190947327965e-02,0.000000000000000000e+00
2.201120853424071988e-01,-6.706932356485162394e-02,-5.874768811043603461e-02,0.000000000000000000e+00
2.399530410766601007e-01,-6.698699209656618081e-02,-5.881121521588495576e-02,0.000000000000000000e+00
2.600893974304199219e-01,-6.698405729029630051e-02,-5.889535066870525692e-02,0.000000000000000000e+00
2.799122333526610773e-01,-6.705376170676144443e-02,-5.902917996719268812e-02,0.000000000000000000e+00
2.999017238616942804e-01,-6.703091087189630426e-02,-5.899640635600843924e-02,0.000000000000000000e+00
3.199019432067871094e-01,-6.700754657320660834e-02,-5.908436787784321353e-02,0.000000000000000000e+00
3.399610519409179132e-01,-6.694912738810297748e-02,-5.913069958575736806e-02,0.000000000000000000e+00
3.599710464477539062e-01,-6.700812232372613253e-02,-5.911184590717555309e-02,0.000000000000000000e+00
3.800954818725585938e-01,-6.708505383957315271e-02,-5.910571713318195364e-02,0.000000000000000000e+00
3.999669551849365234e-01,-6.711467663631064118e-02,-5.901323606743820449e-02,0.000000000000000000e+00
4.199578762054442804e-01,-6.712142779523636027e-02,-5.884290852849173581e-02,0.000000000000000000e+00
4.399635791778563898e-01,-6.710888156081915024e-02,-5.878457199641906605e-02,0.000000000000000000e+00
4.599504470825194757e-01,-6.720021909661429149e-02,-5.863973545211782767e-02,0.000000000000000000e+00
4.799449443817138117e-01,-6.723688792498563882e-02,-5.853763422869832922e-02,0.000000000000000000e+00
4.999334812164306086e-01,-6.739237785651369661e-02,-5.856219426453623117e-02,0.000000000000000000e+00
5.199096202850341797e-01,-6.744479905412346932e-02,-5.852290176033590058e-02,0.000000000000000000e+00
5.400524139404296875e-01,-6.745709690873975817e-02,-5.851747739842504126e-02,0.000000000000000000e+00
5.599405765533447266e-01,-6.746948199860593187e-02,-5.865109776490390336e-02,0.000000000000000000e+00
5.799303054809570312e-01,-6.742079855830132584e-02,-5.869527495851532134e-02,0.000000000000000000e+00
5.998954772949218750e-01,-6.745367203266958156e-02,-5.865112669200971129e-02,0.000000000000000000e+00
6.201767921447753906e-01,-6.756377362912088791e-02,-5.868758670751408196e-02,0.000000000000000000e+00
6.401236057281494141e-01,-6.766535296507977804e-02,-5.873185608194414487e-02,0.000000000000000000e+00
6.598894596099853516e-01,-6.785544304679519412e-02,-5.872711363253177441e-02,0.000000000000000000e+00
6.799497604370117188e-01,-6.793077438309715055e-02,-5.872431053139779561e-02,0.000000000000000000e+00
7.001407146453857422e-01,-6.798971984645926780e-02,-5.871420154321334989e-02,0.000000000000000000e+00
7.199509143829345703e-01,-6.795496779001586329e-02,-5.863742661129095479e-02,0.000000000000000000e+00
7.399072647094726562e-01,-6.795432202114687348e-02,-5.855615271857212562e-02,0.000000000000000000e+00
7.599508762359619141e-01,-6.789101936264342607e-02,-5.852105385491437189e-02,0.000000000000000000e+00
7.799293994903564453e-01,-6.791746063645008602e-02,-5.850735856083007919e-02,0.000000000000000000e+00
7.999162673950195312e-01,-6.788313720098408666e-02,-5.856568491812128019e-02,0.000000000000000000e+00
8.199203014373779297e-01,-6.783431565548543596e-02,-5.862100176925130052e-02,0.000000000000000000e+00
8.399143218994140625e-01,-6.771670418020105109e-02,-5.856061553324871938e-02,0.000000000000000000e+00
8.599615097045898438e-01,-6.763566609066996860e-02,-5.861847712246760073e-02,0.000000000000000000e+00
8.799035549163818359e-01,-6.759919522780991064e-02,-5.866269956694425414e-02,0.000000000000000000e+00
8.999412059783935547e-01,-6.747154484159532950e-02,-5.871903602632508323e-02,0.000000000000000000e+00
9.201037883758543812e-01,-6.744579127509012229e-02,-5.872912568375286690e-02,0.000000000000000000e+00
9.401109218597412109e-01,-6.731024127284719605e-02,-5.876903184918057937e-02,0.000000000000000000e+00
9.599552154541015625e-01,-6.724610411700626678e-02,-5.876265263144036383e-02,0.000000000000000000e+00
9.800946712493896484e-01,-6.736985310874755994e-02,-5.884086274047446025e-02,0.000000000000000000e+00
9.999830722808837891e-01,-6.740680588657099737e-02,-5.882086902166087233e-02,0.000000000000000000e+00
1.020066738128662109e+00,-6.723918684123990352e-02,-5.893445873434940280e-02,0.000000000000000000e+00
1.040118217468261497e+00,-6.716845117781056196e-02,-5.893094943503815464e-02,0.000000000000000000e+00
1.060133695602416992e+00,-6.707701696506875033e-02,-5.900072497413955813e-02,0.000000000000000000e+00
1.079972505569458008e+00,-6.710018072627851882e-02,-5.911072492601704420e-02,0.000000000000000000e+00
1.099933862686157227e+00,-6.704155178955817362e-02,-5.913442686407663351e-02,0.000000000000000000e+00
1.119966745376586914e+00,-6.702766143608197835e-02,-5.909894343891617524e-02,0.000000000000000000e+00
1.139972448348999023e+00,-6.704837306984136325e-02,-5.906527794771094381e-02,0.000000000000000000e+00
1.160114526748657227e+00,-6.711505062119008103e-02,-5.907610267185529895e-02,0.000000000000000000e+00
1.179957389831542969e+00,-6.715402887179060254e-02,-5.913857327208837944e-02,0.000000000000000000e+00
1.200191259384155273e+00,-6.720566811678252428e-02,-5.913688088877072646e-02,0.000000000000000000e+00
1.220074415206909180e+00,-6.726061148912071408e-02,-5.922309191513404347e-02,0.000000000000000000e+00
1.239935874938964844e+00,-6.735160088320787941e-02,-5.925869050062952670e-02,0.000000000000000000e+00
1.259951591491699219e+00,-6.738542348847903485e-02,-5.925323928095015819e-02,0.000000000000000000e+00
1.279921770095825195e+00,-6.742117941204640863e-02,-5.929628772127672198e-02,0.000000000000000000e+00
1.299970388412475586e+00,-6.739777167883852227e-02,-5.925988134093666815e-02,0.000000000000000000e+00
1.320086956024169922e+00,-6.737777571935478493e-02,-5.926393514070609631e-02,0.000000000000000000e+00
1.339908599853515625e+00,-6.735102800525671896e-02,-5.927482779890306391e-02,0.000000000000000000e+00
1.360060453414916992e+00,-6.722315757570344885e-02,-5.918106826416350691e-02,0.000000000000000000e+00
1.379945278167724609e+00,-6.723115631408753401e-02,-5.917971077370580424e-02,0.000000000000000000e+00
1.399936676025390625e+00,-6.730839168649793702e-02,-5.918743500077358610e-02,0.000000000000000000e+00
1.419914722442626953e+00,-6.756576099907714295e-02,-5.914954518881335860e-02,0.000000000000000000e+00
1.440075397491455078e+00,-6.754435069062204866e-02,-5.915011115012321075e-02,0.000000000000000000e+00
1.460044860839843750e+00,-6.752864815370540619e-02,-5.910387456535137751e-02,0.000000000000000000e+00
1.479941368103027122e+00,-6.759220079320356345e-02,-5.906520753571290611e-02,0.000000000000000000e+00
1.499925613403320312e+00,-6.762079389491178205e-02,-5.905499321469304813e-02,0.000000000000000000e+00
1.520215988159179688e+00,-6.751644448492909178e-02,-5.888283596435834460e-02,0.000000000000000000e+00
1.539954900741577148e+00,-6.754721626084064789e-02,-5.882530708873112690e-02,0.000000000000000000e+00
1.560070753097534180e+00,-6.746142149719706882e-02,-5.876507279263991357e-02,0.000000000000000000e+00
1.579911947250366211e+00,-6.744665188797195621e-02,-5.874695377560810311e-02,0.000000000000000000e+00
1.599892377853393555e+00,-6.766406978565148167e-02,-5.880559582156903026e-02,0.000000000000000000e+00
1.620095252990722878e+00,-6.763014738516627544e-02,-5.872118484925551579e-02,0.000000000000000000e+00
1.639942169189453125e+00,-6.768384012000751293e-02,-5.872723997360737580e-02,0.000000000000000000e+00
1.659939050674438477e+00,-6.780332663807830951e-02,-5.868103431716179680e-02,0.000000000000000000e+00
1.679916143417358398e+00,-6.787319676437381100e-02,-5.850718025422985830e-02,0.000000000000000000e+00
1.700170040130615234e+00,-6.788642253513663127e-02,-5.841258725438347454e-02,0.000000000000000000e+00
1.719950675964355691e+00,-6.789697602079318439e-02,-5.845302844701160544e-02,0.000000000000000000e+00
1.740101099014282227e+00,-6.789055895354954850e-02,-5.839471527551517993e-02,0.000000000000000000e+00
1.760112285614013672e+00,-6.796946035960307886e-02,-5.855531960888901016e-02,0.000000000000000000e+00
1.780106782913208008e+00,-6.798054195186860327e-02,-5.878927852580812657e-02,0.000000000000000000e+00
1.799948453903198242e+00,-6.804368654215960099e-02,-5.887405638449112744e-02,0.000000000000000000e+00
1.819889545440673606e+00,-6.804868990891389802e-02,-5.892109926479838916e-02,0.000000000000000000e+00
1.840083837509155495e+00,-6.807208985989961214e-02,-5.897000941656322520e-02,0.000000000000000000e+00
1.859985351562500000e+00,-6.803633202771840194e-02,-5.919963237545249057e-02,0.000000000000000000e+00
1.880053043365478294e+00,-6.802443436315880332e-02,-5.935776080805662408e-02,0.000000000000000000e+00
1.899945974349976030e+00,-6.792768082002902108e-02,-5.950699426839581307e-02,0.000000000000000000e+00
1.919978857040405273e+00,-6.788939170027069592e-02,-5.950811566520215062e-02,0.000000000000000000e+00
1.940084457397460938e+00,-6.769245161172433856e-02,-5.959661030401831872e-02,0.000000000000000000e+00
1.960115194320678711e+00,-6.757848020342795137e-02,-5.963253409015983886e-02,0.000000000000000000e+00
1.980140686035156028e+00,-6.745079290312055997e-02,-5.960280882574663097e-02,0.000000000000000000e+00
2.000129699707031250e+00,-6.742298770548930953e-02,-5.961725039875591381e-02,0.000000000000000000e+00
2.019936800003052202e+00,-6.745261651591601126e-02,-5.963927391802072847e-02,0.000000000000000000e+00
2.040052413940429688e+00,-6.757300473792179907e-02,-5.953697996678982557e-02,0.000000000000000000e+00
2.060148239135742188e+00,-6.763032186386071232e-02,-5.944946648253510157e-02,0.000000000000000000e+00
2.079942941665649414e+00,-6.774962056493295803e-02,-5.938993455828586732e-02,0.000000000000000000e+00
2.099958419799804688e+00,-6.768803419064968463e-02,-5.935523998729546474e-02,0.000000000000000000e+00
2.120097160339355469e+00,-6.769897700843288679e-02,-5.916121971633137716e-02,0.000000000000000000e+00
2.140052556991577148e+00,-6.763085199855536911e-02,-5.899820726731237752e-02,0.000000000000000000e+00
2.160056352615356445e+00,-6.752021720499874757e-02,-5.876622855660897093e-02,0.000000000000000000e+00
2.180081844329833984e+00,-6.740556822499040035e-02,-5.846199062397957474e-02,0.000000000000000000e+00
2.199929237365722656e+00,-6.744027726545716306e-02,-5.838306193838357916e-02,0.000000000000000000e+00
2.219962596893310547e+00,-6.743304495341144456e-02,-5.818018573528965787e-02,0.000000000000000000e+00
2.240175962448120117e+00,-6.751372956174502005e-02,-5.800074947374438822e-02,0.000000000000000000e+00
2.259920597076416016e+00,-6.761156022812420119e-02,-5.800252243908186195e-02,0.000000000000000000e+00
2.279967784881591797e+00,-6.773961465766868695e-02,-5.808781938383455329e-02,0.000000000000000000e+00
2.300066709518432617e+00,-6.779958867839253056e-02,-5.812880372184166949e-02,0.000000000000000000e+00
2.319982767105102539e+00,-6.799608922197268590e-02,-5.819688409921094929e-02,0.000000000000000000e+00
2.339916229248046875e+00,-6.799335292752396731e-02,-5.825214262736671395e-02,0.000000000000000000e+00
2.359964370727539062e+00,-6.808918145752042295e-02,-5.837567338611728690e-02,0.000000000000000000e+00
2.380076408386230469e+00,-6.817035238468781289e-02,-5.844230612180947859e-02,0.000000000000000000e+00
2.399951934814453125e+00,-6.822714171405476480e-02,-5.843979941706781839e-02,0.000000000000000000e+00
2.419938564300537109e+00,-6.826765033734402688e-02,-5.851413480096093883e-02,0.000000000000000000e+00
2.439946174621582031e+00,-6.827435183332454527e-02,-5.858579460683469714e-02,0.000000000000000000e+00
2.460102081298828125e+00,-6.821262860174633069e-02,-5.860514249972519074e-02,0.000000000000000000e+00
2.480082988739013672e+00,-6.820302443139492077e-02,-5.858130735077422130e-02,0.000000000000000000e+00
2.500073909759521040e+00,-6.800973127049371458e-02,-5.864308714710740611e-02,0.000000000000000000e+00
2.520090579986572266e+00,-6.789601546748638694e-02,-5.870190374961450908e-02,0.000000000000000000e+00
2.539957761764526367e+00,-6.782460713500415572e-02,-5.867678677065635284e-02,0.000000000000000000e+00
2.560078144073486328e+00,-6.764206910900506797e-02,-5.855883562646787416e-02,0.000000000000000000e+00
2.580077171325684038e+00,-6.735897243397265255e-02,-5.855887151019305986e-02,0.000000000000000000e+00
2.600086927413940430e+00,-6.718682326362276913e-02,-5.850830129444511279e-02,0.000000000000000000e+00
2.619917631149291992e+00,-6.699862964657697650e-02,-5.860016644292707910e-02,0.000000000000000000e+00
2.640152215957641602e+00,-6.686165895751423893e-02,-5.861369145780683659e-02,0.000000000000000000e+00
2.660092592239379883e+00,-6.675292434792845508e-02,-5.855054267217744274e-02,0.000000000000000000e+00
2.679901123046875000e+00,-6.662729982625401060e-02,-5.854124522767679278e-02,0.000000000000000000e+00
2.699931144714355469e+00,-6.663940982855531825e-02,-5.852747497621914319e-02,0.000000000000000000e+00
2.719945669174194336e+00,-6.681336722985636856e-02,-5.849336348398095214e-02,0.000000000000000000e+00
2.739940643310546875e+00,-6.683743529634646185e-02,-5.861747077611144385e-02,0.000000000000000000e+00
2.759923219680786133e+00,-6.697347427166376599e-02,-5.865743361719914090e-02,0.000000000000000000e+00
2.779948472976685014e+00,-6.716370777881074117e-02,-5.867824066736580108e-02,0.000000000000000000e+00
2.799923419952392578e+00,-6.730697961866927148e-02,-5.866385770184416593e-02,0.000000000000000000e+00
2.819941997528076172e+00,-6.749628729489039192e-02,-5.862623235017108692e-02,0.000000000000000000e+00
2.839916229248046875e+00,-6.761491636804636829e-02,-5.851478876452494149e-02,0.000000000000000000e+00
2.860295057296752930e+00,-6.776225462604029692e-02,-5.846259162403076581e-02,0.000000000000000000e+00
2.880006551742553711e+00,-6.797959007764020622e-02,-5.838007150754732921e-02,0.000000000000000000e+00
2.899965047836304155e+00,-6.826536468719385242e-02,-5.831059145997180559e-02,0.000000000000000000e+00
2.920178413391113281e+00,-6.842106549902833568e-02,-5.816779152699758787e-02,0.000000000000000000e+00
2.939965009689331055e+00,-6.870410941863441812e-02,-5.808943546646382766e-02,0.000000000000000000e+00
2.960096359252929688e+00,-6.886266508369907891e-02,-5.790272748726436880e-02,0.000000000000000000e+00
2.979937791824340820e+00,-6.909305218277156380e-02,-5.787759555064408284e-02,0.000000000000000000e+00
3.000060796737670898e+00,-6.927572480602918470e-02,-5.771356970624138411e-02,0.000000000000000000e+00
3.020097255706787109e+00,-6.952297927654220444e-02,-5.757650858148487955e-02,0.000000000000000000e+00
3.040111303329468218e+00,-6.974096416897521133e-02,-5.748157592940410926e-02,0.000000000000000000e+00
3.059997797012329102e+00,-6.993718040991252216e-02,-5.747882742401735912e-02,0.000000000000000000e+00
3.080103874206542969e+00,-6.994975253802901416e-02,-5.754095104019565227e-02,0.000000000000000000e+00
3.099977016448974609e+00,-6.993431479522173311e-02,-5.768352932122703530e-02,0.000000000000000000e+00
3.119964122772216797e+00,-6.978254895459234941e-02,-5.777497577589599947e-02,0.000000000000000000e+00
3.139976024627685103e+00,-6.971149371569951292e-02,-5.798296553400164588e-02,0.000000000000000000e+00
3.160087108612060547e+00,-6.949176450829863683e-02,-5.798068340600556758e-02,0.000000000000000000e+00
3.180181741714477095e+00,-6.929131230588943258e-02,-5.800080359732766311e-02,0.000000000000000000e+00
3.199919462203979492e+00,-6.897205351157412179e-02,-5.805514979066866282e-02,0.000000000000000000e+00
3.219957351684570312e+00,-6.859630538612054851e-02,-5.824932244444829682e-02,0.000000000000000000e+00
3.239943742752075195e+00,-6.817665940974769467e-02,-5.840745351300580257e-02,0.000000000000000000e+00
3.260160923004150391e+00,-6.779758909232372344e-02,-5.854852818912174156e-02,0.000000000000000000e+00
3.279947280883789062e+00,-6.743381121799510436e-02,-5.871944268161083391e-02,0.000000000000000000e+00
3.300084590911864790e+00,-6.688259327566856149e-02,-5.890821147748456083e-02,0.000000000000000000e+00
3.319951772689819780e+00,-6.667728375687127784e-02,-5.903179086782896212e-02,0.000000000000000000e+00
3.340079069137572798e+00,-6.664169877075423742e-02,-5.924320781838498390e-02,0.000000000000000000e+00
3.359947919845581055e+00,-6.665529944899428738e-02,-5.940812679806013741e-02,0.000000000000000000e+00
3.379916429519653320e+00,-6.674530625432462116e-02,-5.941256784051094503e-02,0.000000000000000000e+00
3.399947643280029297e+00,-6.694203887142412268e-02,-5.951476138236167640e-02,0.000000000000000000e+00
3.420078992843627930e+00,-6.717661770695097789e-02,-5.951901273999250785e-02,0.000000000000000000e+00
3.439949035644531250e+00,-6.743546067653981291e-02,-5.945130455936805530e-02,0.000000000000000000e+00
3.460168361663818359e+00,-6.777177241299861543e-02,-5.935186603973984648e-02,0.000000000000000000e+00
3.480074644088745117e+00,-6.789688774190935638e-02,-5.929357443667967326e-02,0.000000000000000000e+00
3.499953508377075195e+00,-6.811121392013091969e-02,-5.912806491802572589e-02,0.000000000000000000e+00
3.519905567169189009e+00,-6.814532963005445754e-02,-5.898843629897991547e-02,0.000000000000000000e+00
3.540077209472655806e+00,-6.801128513540358189e-02,-5.897566041656041730e-02,0.000000000000000000e+00
3.560068607330322266e+00,-6.816791548888662122e-02,-5.901989341087079260e-02,0.000000000000000000e+00
3.580069541931152344e+00,-6.809333471673835458e-02,-5.908265033155505469e-02,0.000000000000000000e+00
3.599946260452270508e+00,-6.806320252066287713e-02,-5.914797923049635447e-02,0.000000000000000000e+00
3.620079994201660156e+00,-6.798593229566718410e-02,-5.911103675475924690e-02,0.000000000000000000e+00
3.640129327774047852e+00,-6.814138589142082481e-02,-5.910662738655049486e-02,0.000000000000000000e+00
3.659942865371704102e+00,-6.836312326758103852e-02,-5.904246252648597676e-02,0.000000000000000000e+00
3.679952621459960938e+00,-6.842071051581720409e-02,-5.910774165619939180e-02,0.000000000000000000e+00
3.699889183044433594e+00,-6.862145868355302991e-02,-5.899906068234047479e-02,0.000000000000000000e+00
3.719979286193848100e+00,-6.878837788969605072e-02,-5.896041170450582597e-02,0.000000000000000000e+00
3.740066051483153409e+00,-6.894408326658876818e-02,-5.886354650277569878e-02,0.000000000000000000e+00
3.760113477706909180e+00,-6.897896823786899001e-02,-5.878806855678110621e-02,0.000000000000000000e+00
3.780053138732910156e+00,-6.895425943038271943e-02,-5.876849866836994507e-02,0.000000000000000000e+00
3.799911737442016602e+00,-6.885878566785534616e-02,-5.871493987132522796e-02,0.000000000000000000e+00
3.819932222366333008e+00,-6.885427542748918939e-02,-5.865084887318369050e-02,0.000000000000000000e+00
3.840062856674193448e+00,-6.866497173175800661e-02,-5.854609704279005455e-02,0.000000000000000000e+00
3.860093593597412109e+00,-6.866992942593828919e-02,-5.857429998244556568e-02,0.000000000000000000e+00
3.879940986633300781e+00,-6.860701539219506151e-02,-5.854875909014192054e-02,0.000000000000000000e+00
3.899919509887695312e+00,-6.846760794568311492e-02,-5.849602895262873137e-02,0.000000000000000000e+00
3.919953346252441406e+00,-6.845189389626246679e-02,-5.841248200531456297e-02,0.000000000000000000e+00
3.939920902252196822e+00,-6.846999116813730357e-02,-5.844042936217187095e-02,0.000000000000000000e+00
3.959977626800537109e+00,-6.851232283726034489e-02,-5.836724267973690539e-02,0.000000000000000000e+00
3.980096340179443359e+00,-6.859039838312777637e-02,-5.840074005121646122e-02,0.000000000000000000e+00
3.999958515167235884e+00,-6.874640298996932686e-02,-5.848127961783129714e-02,0.000000000000000000e+00
4.020129680633544922e+00,-6.880693754830614906e-02,-5.855156446584803415e-02,0.000000000000000000e+00
4.040237903594970703e+00,-6.896659283833321552e-02,-5.854706618726208261e-02,0.000000000000000000e+00
4.060134172439575195e+00,-6.900349078770809386e-02,-5.856822756070356045e-02,0.000000000000000000e+00
4.079940080642700195e+00,-6.904576385637410663e-02,-5.865829347947879718e-02,0.000000000000000000e+00
4.099929094314575195e+00,-6.892288621800882198e-02,-5.875885727968064437e-02,0.000000000000000000e+00
4.119940757751464844e+00,-6.885823284926675947e-02,-5.897630612113881343e-02,0.000000000000000000e+00
4.140080690383911133e+00,-6.871389903543341504e-02,-5.921291569676669780e-02,0.000000000000000000e+00
4.159952878952026367e+00,-6.859589402856806906e-02,-5.937449916157640228e-02,0.000000000000000000e+00
4.179944515228272373e+00,-6.830106999436302839e-02,-5.963317806374320018e-02,0.000000000000000000e+00
4.199913740158081055e+00,-6.800514169357001204e-02,-5.976220010444601577e-02,0.000000000000000000e+00
4.219918966293334961e+00,-6.782613955833217967e-02,-5.988133952824167827e-02,0.000000000000000000e+00
4.239914894104003906e+00,-6.757411761169608566e-02,-6.001499400020605252e-02,0.000000000000000000e+00
4.259958267211914062e+00,-6.739452278218950598e-02,-6.012526181360344779e-02,0.000000000000000000e+00
4.280084609985351562e+00,-6.723611255311987001e-02,-6.010202135492156289e-02,0.000000000000000000e+00
4.300029516220092773e+00,-6.715519584055251734e-02,-6.005778704749078351e-02,0.000000000000000000e+00
4.320068359375000000e+00,-6.712114303673651083e-02,-6.014180461928241711e-02,0.000000000000000000e+00
4.339940547943115234e+00,-6.714666823392967387e-02,-6.013527043761138918e-02,0.000000000000000000e+00
4.359887361526489258e+00,-6.714262522805725109e-02,-6.018379200595397327e-02,0.000000000000000000e+00
4.380137920379638672e+00,-6.717415901722527394e-02,-6.018394690540598141e-02,0.000000000000000000e+00
4.399892568588256836e+00,-6.734335465548416111e-02,-6.015129772330445046e-02,0.000000000000000000e+00
4.420118808746337891e+00,-6.733754383452648928e-02,-6.015262769955604522e-02,0.000000000000000000e+00
4.440023899078369141e+00,-6.744220135773942859e-02,-6.001511336909765015e-02,0.000000000000000000e+00
4.459933519363403320e+00,-6.773710686234593603e-02,-5.986334949268467404e-02,0.000000000000000000e+00
4.479923486709594727e+00,-6.818979047975509689e-02,-5.959614049497419241e-02,0.000000000000000000e+00
4.499932765960693359e+00,-6.868688867522809716e-02,-5.930941724053442887e-02,0.000000000000000000e+00
4.519918918609619141e+00,-6.935298465810164903e-02,-5.893587708349234955e-02,0.000000000000000000e+00
4.540031909942626953e+00,-6.998895664881640832e-02,-5.848459545680168015e-02,0.000000000000000000e+00
4.559939622879028320e+00,-7.065309021738826190e-02,-5.795780803729345260e-02,0.000000000000000000e+00
4.579908132553100586e+00,-7.134796447026203747e-02,-5.732066886044313858e-02,0.000000000000000000e+00
4.599974870681762695e+00,-7.195504027224149113e-02,-5.674800503748284042e-02,0.000000000000000000e+00
4.619887113571166992e+00,-7.245048376208150509e-02,-5.631113983551847696e-02,0.000000000000000000e+00
4.640022039413452148e+00,-7.287083007800819467e-02,-5.592555163881337416e-02,0.000000000000000000e+00
4.659969091415405273e+00,-7.318274901211338501e-02,-5.566262227587891881e-02,0.000000000000000000e+00
4.679900884628295898e+00,-7.328121352470780281e-02,-5.553396595153769350e-02,0.000000000000000000e+00
4.699972391128540039e+00,-7.322800997327984229e-02,-5.548184091714979810e-02,0.000000000000000000e+00
4.719928503036499023e+00,-7.293380190464661406e-02,-5.555376318432497795e-02,0.000000000000000000e+00
4.739900827407836914e+00,-7.256389226332436715e-02,-5.580577822504752261e-02,0.000000000000000000e+00
4.759909868240356445e+00,-7.211918862499698546e-02,-5.617086032243825966e-02,0.000000000000000000e+00
4.780018329620361328e+00,-7.167473261594399514e-02,-5.655026038139239486e-02,0.000000000000000000e+00
4.799984455108642578e+00,-7.124396133537119757e-02,-5.706359248884901314e-02,0.000000000000000000e+00
4.820017814636231357e+00,-7.075945069797699716e-02,-5.736699614057991919e-02,0.000000000000000000e+00
4.839916944503784180e+00,-7.031001447911655600e-02,-5.780548982876815983e-02,0.000000000000000000e+00
4.859959125518798828e+00,-6.976204115092521363e-02,-5.815475297433409657e-02,0.000000000000000000e+00
4.880059003829956055e+00,-6.919075063415364157e-02,-5.865245884180775998e-02,0.000000000000000000e+00
4.899940490722656250e+00,-6.860237490162679475e-02,-5.924239259273404723e-02,0.000000000000000000e+00
4.919963598251342773e+00,-6.802094692016695532e-02,-5.972525859306174884e-02,0.000000000000000000e+00
4.939968585968017578e+00,-6.768519104366547967e-02,-6.019251395887750822e-02,0.000000000000000000e+00
4.959920644760131836e+00,-6.752414435202673537e-02,-6.057262517797585427e-02,0.000000000000000000e+00
4.979942083358764648e+00,-6.767336559430800480e-02,-6.082304467079149846e-02,0.000000000000000000e+00
4.999964952468872070e+00,-6.803257370440510265e-02,-6.089080147035080132e-02,0.000000000000000000e+00
5.019952297210693359e+00,-6.839420312733060503e-02,-6.096465589262562573e-02,0.000000000000000000e+00
5.040097475051879883e+00,-6.881988667242000535e-02,-6.080354410946963578e-02,0.000000000000000000e+00
5.060119867324829102e+00,-6.927906533985382642e-02,-6.060951149346437139e-02,0.000000000000000000e+00
5.079964399337768555e+00,-6.959144921287510610e-02,-6.033091811166122614e-02,0.000000000000000000e+00
5.099982261657714844e+00,-6.965791327013862166e-02,-6.004872357558168477e-02,0.000000000000000000e+00
5.119951009750366211e+00,-6.966051400721440245e-02,-5.983464899681317783e-02,0.000000000000000000e+00
5.139942646026611328e+00,-6.972111063157404587e-02,-5.958087367568807441e-02,0.000000000000000000e+00
5.160095691680908203e+00,-6.966532829007927863e-02,-5.937194292924914685e-02,0.000000000000000000e+00
5.179940223693847656e+00,-6.950123745605178704e-02,-5.919091859083493862e-02,0.000000000000000000e+00
5.199913501739501953e+00,-6.940372945469407140e-02,-5.904612137780487768e-02,0.000000000000000000e+00
5.219902753829956055e+00,-6.925691735308336927e-02,-5.900517535842061956e-02,0.000000000000000000e+00
5.239924192428588867e+00,-6.913480607214773921e-02,-5.898100868673053498e-02,0.000000000000000000e+00
5.259914875030517578e+00,-6.911974984664884247e-02,-5.905589017190548962e-02,0.000000000000000000e+00
5.279898643493652344e+00,-6.906082511117679623e-02,-5.896589516306795925e-02,0.000000000000000000e+00
5.299934625625610352e+00,-6.916920725785294377e-02,-5.906839124611453634e-02,0.000000000000000000e+00
5.319921493530273438e+00,-6.935022503366362889e-02,-5.904551816245098839e-02,0.000000000000000000e+00
5.339985132217407227e+00,-6.976054325629772734e-02,-5.908116143858066494e-02,0.000000000000000000e+00
5.360103368759155273e+00,-7.012065573807947649e-02,-5.894451723682669897e-02,0.000000000000000000e+00
5.380004167556762695e+00,-7.057530545791269871e-02,-5.893587372707913968e-02,0.000000000000000000e+00
5.400056600570678711e+00,-7.087490122064257769e-02,-5.884730850674996933e-02,0.000000000000000000e+00
5.419927597045898438e+00,-7.111793228158895530e-02,-5.890108473753849494e-02,0.000000000000000000e+00
5.439920186996459961e+00,-7.125992775021218473e-02,-5.887205490059038704e-02,0.000000000000000000e+00
5.459976911544799805e+00,-7.144470332807097146e-02,-5.895665012098044722e-02,0.000000000000000000e+00
5.480047225952148438e+00,-7.157092959804543797e-02,-5.894489774120569708e-02,0.000000000000000000e+00
5.499902725219726562e+00,-7.159565475002419022e-02,-5.902547845947123117e-02,0.000000000000000000e+00
5.519932985305786133e+00,-7.155625393963539749e-02,-5.906913390231016692e-02,0.000000000000000000e+00
5.539942979812622070e+00,-7.152915530028423896e-02,-5.910068681483935521e-02,0.000000000000000000e+00
5.559918880462647373e+00,-7.135129159725743520e-02,-5.916835531970775913e-02,0.000000000000000000e+00
5.579916238784790039e+00,-7.113528725223042248e-02,-5.930678994551805833e-02,0.000000000000000000e+00
5.599910974502564365e+00,-7.097467073617946820e-02,-5.939030845698721472e-02,0.000000000000000000e+00
5.619913578033447266e+00,-7.086783223483678062e-02,-5.965002892861902967e-02,0.000000000000000000e+00
5.639904499053955078e+00,-7.074610427689334569e-02,-5.973385776108074835e-02,0.000000000000000000e+00
5.660161733627319336e+00,-7.066683593654958517e-02,-5.966860766081326373e-02,0.000000000000000000e+00
5.680041790008544922e+00,-7.047134085396630776e-02,-5.964841920068816167e-02,0.000000000000000000e+00
5.699948549270629883e+00,-7.034989078674602769e-02,-5.957078188947698832e-02,0.000000000000000000e+00
5.720139265060424805e+00,-7.018476795431499715e-02,-5.959262303632455876e-02,0.000000000000000000e+00
5.740206718444824219e+00,-7.002011220726389595e-02,-5.962118410186052764e-02,0.000000000000000000e+00
5.759910821914672852e+00,-6.990710789480973630e-02,-5.960437858538742556e-02,0.000000000000000000e+00
5.780038118362426758e+00,-6.965114367710059651e-02,-5.968816938241814501e-02,0.000000000000000000e+00
5.799913167953491211e+00,-6.937062076906193309e-02,-5.969373304473880176e-02,0.000000000000000000e+00
5.819905757904052734e+00,-6.921250023640040938e-02,-5.965729525025631474e-02,0.000000000000000000e+00
5.839949369430541992e+00,-6.897448737599271018e-02,-5.967624258707610041e-02,0.000000000000000000e+00
5.860006332397460938e+00,-6.878667253804833515e-02,-5.962046729723687044e-02,0.000000000000000000e+00
5.880113363265991211e+00,-6.859912116351127298e-02,-5.957385100197166994e-02,0.000000000000000000e+00
5.900089025497436523e+00,-6.856172440913742283e-02,-5.949443098957963444e-02,0.000000000000000000e+00
5.920045852661132812e+00,-6.852569895077796625e-02,-5.941873871904687632e-02,0.000000000000000000e+00
5.940111875534057617e+00,-6.859108479751126197e-02,-5.939381285754320033e-02,0.000000000000000000e+00
5.959992647171020508e+00,-6.850351080451409780e-02,-5.945301159871405755e-02,0.000000000000000000e+00
5.980090379714965820e+00,-6.841427626426423159e-02,-5.945138584312089497e-02,0.000000000000000000e+00
5.999916791915893555e+00,-6.823143724967736801e-02,-5.954052585468241204e-02,0.000000000000000000e+00
6.020011425018311435e+00,-6.803853904833571942e-02,-5.964255163549748301e-02,0.000000000000000000e+00
6.040108919143676758e+00,-6.789556571717848821e-02,-5.979817758129755967e-02,0.000000000000000000e+00
6.060334920883178711e+00,-6.782357777077495375e-02,-5.987193475909817486e-02,0.000000000000000000e+00
6.079945564270020419e+00,-6.768856327861641486e-02,-5.984249637061615085e-02,0.000000000000000000e+00
6.099922180175781250e+00,-6.756721571243860802e-02,-5.979239982280185745e-02,0.000000000000000000e+00
6.119969844818115234e+00,-6.756894569846488841e-02,-5.975587522012761055e-02,0.000000000000000000e+00
6.140009641647338867e+00,-6.755178227772699884e-02,-5.965536304966464337e-02,0.000000000000000000e+00
6.160267591476440430e+00,-6.762815085501132362e-02,-5.953009545004647740e-02,0.000000000000000000e+00
6.179904222488403320e+00,-6.768940723183938801e-02,-5.953650375881719414e-02,0.000000000000000000e+00
6.200075387954711914e+00,-6.797196920744694171e-02,-5.947768202846338836e-02,0.000000000000000000e+00
6.219970464706420898e+00,-6.813337577218903096e-02,-5.940867570499712425e-02,0.000000000000000000e+00
6.239957571029663086e+00,-6.835718259749053172e-02,-5.932316811118078237e-02,0.000000000000000000e+00
6.259902715682983398e+00,-6.855651874593328421e-02,-5.914422489755214590e-02,0.000000000000000000e+00
6.280087709426879883e+00,-6.870451814633878052e-02,-5.885934024619467186e-02,0.000000000000000000e+00
6.300076484680175781e+00,-6.884232548655513928e-02,-5.870814672615027457e-02,0.000000000000000000e+00
6.319962739944458008e+00,-6.897960257292039266e-02,-5.866467982644613111e-02,0.000000000000000000e+00
6.339958429336547852e+00,-6.921128829339734390e-02,-5.858993254837979031e-02,0.000000000000000000e+00
6.359946012496948242e+00,-6.933191921300620175e-02,-5.857010376650668981e-02,0.000000000000000000e+00
6.379893302917480469e+00,-6.942062227094608629e-02,-5.855913593557346419e-02,0.000000000000000000e+00
6.399961709976196289e+00,-6.949173697045743503e-02,-5.871928750278856274e-02,0.000000000000000000e+00
6.420080423355103427e+00,-6.942758244703929604e-02,-5.870324828292394770e-02,0.000000000000000000e+00
6.440173149108886719e+00,-6.933938574712018854e-02,-5.874933127800582855e-02,0.000000000000000000e+00
6.459882974624633789e+00,-6.918234038924465923e-02,-5.869693037238394445e-02,0.000000000000000000e+00
6.479952096939086914e+00,-6.892571106316047747e-02,-5.865220115457638050e-02,0.000000000000000000e+00
6.500124692916870117e+00,-6.871630830307742799e-02,-5.868778333154667931e-02,0.000000000000000000e+00
6.520137548446655273e+00,-6.855598401070038539e-02,-5.864426930031133717e-02,0.000000000000000000e+00
6.539960145950317383e+00,-6.852507877104487000e-02,-5.861849258344433572e-02,0.000000000000000000e+00
6.559975624084472656e+00,-6.846931084721261107e-02,-5.858065101306712125e-02,0.000000000000000000e+00
6.580079317092896396e+00,-6.851393733130406449e-02,-5.867176884908984619e-02,0.000000000000000000e+00
6.599905729293823242e+00,-6.853370938082076202e-02,-5.875360976152770726e-02,0.000000000000000000e+00
6.620062112808228427e+00,-6.837230635610334895e-02,-5.879795144548191632e-02,0.000000000000000000e+00
6.640037298202514648e+00,-6.832795705222263760e-02,-5.890612951108962353e-02,0.000000000000000000e+00
6.659929752349853516e+00,-6.830913854918381489e-02,-5.905023563480926718e-02,0.000000000000000000e+00
6.679886341094970703e+00,-6.828551184738282376e-02,-5.918107085872418432e-02,0.000000000000000000e+00
6.699979543685913086e+00,-6.839342352982442919e-02,-5.938011301995366892e-02,0.000000000000000000e+00
6.720082044601440430e+00,-6.840531609937550162e-02,-5.956378863274704866e-02,0.000000000000000000e+00
6.739994287490844727e+00,-6.847303818266049780e-02,-5.956706995124541604e-02,0.000000000000000000e+00
6.759954690933228427e+00,-6.870266520476726868e-02,-5.963629351935507278e-02,0.000000000000000000e+00
6.779946327209472656e+00,-6.885912482378234167e-02,-5.950747254610005282e-02,0.000000000000000000e+00
6.800233840942382812e+00,-6.909999957730389442e-02,-5.946678311404884204e-02,0.000000000000000000e+00
6.820010423660278320e+00,-6.929368593039221536e-02,-5.938201981749832020e-02,0.000000000000000000e+00
6.840052604675292969e+00,-6.933409462126806366e-02,-5.935028570875888754e-02,0.000000000000000000e+00
6.860027790069580078e+00,-6.934565485958311959e-02,-5.930182047591735228e-02,0.000000000000000000e+00
6.879896640777587891e+00,-6.940937396562460449e-02,-5.928083817357010510e-02,0.000000000000000000e+00
6.899929046630859375e+00,-6.924946722219266215e-02,-5.912081595793428068e-02,0.000000000000000000e+00
6.919992208480834961e+00,-6.915415142737234289e-02,-5.894172383019592038e-02,0.000000000000000000e+00
6.939960002899169922e+00,-6.914301066834728504e-02,-5.880859081540128902e-02,0.000000000000000000e+00
6.959994077682495117e+00,-6.904914788839204565e-02,-5.877061763084252821e-02,0.000000000000000000e+00
6.980044126510620117e+00,-6.894847535392240045e-02,-5.876651859565375918e-02,0.000000000000000000e+00
7.000003576278687412e+00,-6.896050281868817966e-02,-5.879471122990322790e-02,0.000000000000000000e+00
7.019912958145141602e+00,-6.885266277946296143e-02,-5.873150469852626149e-02,0.000000000000000000e+00
7.040200471878051758e+00,-6.872908967048853290e-02,-5.870747854917637149e-02,0.000000000000000000e+00
7.060140848159790039e+00,-6.858889497047064576e-02,-5.875567445312794568e-02,0.000000000000000000e+00
7.080012798309326172e+00,-6.855117059568199833e-02,-5.887982572707134432e-02,0.000000000000000000e+00
7.100039005279541016e+00,-6.847750070715172277e-02,-5.893238559843753943e-02,0.000000000000000000e+00
7.120001792907714844e+00,-6.847591509496951667e-02,-5.896430952787483359e-02,0.000000000000000000e+00
7.140199661254882812e+00,-6.853865690526997345e-02,-5.911559414108654570e-02,0.000000000000000000e+00
7.159907579421997070e+00,-6.859150076299469490e-02,-5.912055894214131996e-02,0.000000000000000000e+00
7.179882287979125977e+00,-6.881399514207936496e-02,-5.912471880594225709e-02,0.000000000000000000e+00
7.200036048889160156e+00,-6.896081041629609221e-02,-5.915527240938628362e-02,0.000000000000000000e+00
7.219981431961059570e+00,-6.908551437994052413e-02,-5.917171690028005110e-02,0.000000000000000000e+00
7.240136146545410156e+00,-6.901276302922040862e-02,-5.916418077491876482e-02,0.000000000000000000e+00
7.259973526000976562e+00,-6.912291496859572504e-02,-5.918042282164667073e-02,0.000000000000000000e+00
7.279952049255371094e+00,-6.916591264596443078e-02,-5.924632440320932308e-02,0.000000000000000000e+00
7.299996376037597656e+00,-6.932868363878803841e-02,-5.931886375912982790e-02,0.000000000000000000e+00
7.319972753524780273e+00,-6.933313647362150667e-02,-5.943300611311864295e-02,0.000000000000000000e+00
7.339913368225097656e+00,-6.935391787801749308e-02,-5.949221569097515316e-02,0.000000000000000000e+00
7.359969615936279297e+00,-6.937051806882049698e-02,-5.937430004754426505e-02,0.000000000000000000e+00
7.379958868026733398e+00,-6.945113321288737263e-02,-5.928568716887435558e-02,0.000000000000000000e+00
7.400085210800170898e+00,-6.961989410888622110e-02,-5.930344197644712295e-02,0.000000000000000000e+00
7.420119047164916992e+00,-6.969236531098081666e-02,-5.937360593534349307e-02,0.000000000000000000e+00
7.439966917037963867e+00,-6.972469349745613609e-02,-5.938859055077544413e-02,0.000000000000000000e+00
7.459932088851928711e+00,-6.975631011094761413e-02,-5.955716473229893948e-02,0.000000000000000000e+00
7.479951620101928711e+00,-6.984188400377905337e-02,-5.964342606286414383e-02,0.000000000000000000e+00
7.500118017196655273e+00,-6.992151301873242297e-02,-5.970481933236464200e-02,0.000000000000000000e+00
7.520000934600830078e+00,-7.003244791868863672e-02,-5.981334508991433679e-02,0.000000000000000000e+00
7.540079116821289062e+00,-7.010495980024063212e-02,-5.990117695442886969e-02,0.000000000000000000e+00
7.560131072998046875e+00,-7.012164450408249483e-02,-5.988250487011444190e-02,0.000000000000000000e+00
7.579890966415405273e+00,-7.024171629131906180e-02,-5.983528795924265148e-02,0.000000000000000000e+00
7.599997997283934659e+00,-7.039712376264528615e-02,-5.987205341981722412e-02,0.000000000000000000e+00
7.620083332061767578e+00,-7.046858418147787517e-02,-5.984709057369647089e-02,0.000000000000000000e+00
7.639899730682373047e+00,-7.035613069029775235e-02,-5.977174521182719580e-02,0.000000000000000000e+00
7.659886360168457031e+00,-7.045302973856987228e-02,-5.987044067770899702e-02,0.000000000000000000e+00
7.680213451385498047e+00,-7.052276901286606836e-02,-5.991610747834539424e-02,0.000000000000000000e+00
7.699956655502319336e+00,-7.049214152735230887e-02,-5.995013904536442700e-02,0.000000000000000000e+00
7.719942092895507812e+00,-7.038251146409962855e-02,-5.991437786499511503e-02,0.000000000000000000e+00
7.740015029907226562e+00,-7.025699045781326479e-02,-5.997349104138083309e-02,0.000000000000000000e+00
7.760074138641357422e+00,-7.011377354003543727e-02,-5.996107897996276470e-02,0.000000000000000000e+00
7.779974699020385742e+00,-6.991379757207308310e-02,-5.982601149976157773e-02,0.000000000000000000e+00
7.799928426742553711e+00,-6.975007578118137819e-02,-5.969924102833192719e-02,0.000000000000000000e+00
7.819976568222045898e+00,-6.946364172486461930e-02,-5.957614123761354602e-02,0.000000000000000000e+00
7.840101242065429688e+00,-6.928101995947853753e-02,-5.950606120270689886e-02,0.000000000000000000e+00
7.860151529312133789e+00,-6.902636499167069672e-02,-5.940166319266968614e-02,0.000000000000000000e+00
7.879961729049682617e+00,-6.870555567740004033e-02,-5.932594308901948527e-02,0.000000000000000000e+00
7.899936199188232422e+00,-6.855213618378833140e-02,-5.930192765482210360e-02,0.000000000000000000e+00
7.920140504837036133e+00,-6.832321360906710994e-02,-5.921064105489493024e-02,0.000000000000000000e+00
7.940098047256469727e+00,-6.830124952682578576e-02,-5.923328426236715988e-02,0.000000000000000000e+00
7.959960222244262695e+00,-6.830489233874856292e-02,-5.930684668068893911e-02,0.000000000000000000e+00
7.980185985565185547e+00,-6.839320055024412925e-02,-5.929734432148312667e-02,0.000000000000000000e+00
8.000223636627197266e+00,-6.873250183082592335e-02,-5.926087431285329693e-02,0.000000000000000000e+00
8.020144701004028320e+00,-6.895653157850456516e-02,-5.925481580457868380e-02,0.000000000000000000e+00
8.040392160415649414e+00,-6.927362116239089984e-02,-5.922124591720579617e-02,0.000000000000000000e+00
8.060071706771850586e+00,-6.962694434898593354e-02,-5.915376184441123453e-02,0.000000000000000000e+00
8.080040931701660156e+00,-7.006293531956876708e-02,-5.915952527705319736e-02,0.000000000000000000e+00
8.100121736526489258e+00,-7.035709880004707706e-02,-5.916372351964838822e-02,0.000000000000000000e+00
8.120198011398315430e+00,-7.068052754982685759e-02,-5.928975990553376346e-02,0.000000000000000000e+00
8.139966487884521484e+00,-7.091487609218871668e-02,-5.935093492904914420e-02,0.000000000000000000e+00
8.159939765930175781e+00,-7.095382650266147950e-02,-5.929884680507847838e-02,0.000000000000000000e+00
8.180121183395385742e+00,-7.093777621046390425e-02,-5.924252087966446617e-02,0.000000000000000000e+00
8.200127124786376953e+00,-7.085561751194348334e-02,-5.929855710633408217e-02,0.000000000000000000e+00
8.220076799392700195e+00,-7.082501344379195374e-02,-5.933739456743956919e-02,0.000000000000000000e+00
8.240018606185913086e+00,-7.071466237879227290e-02,-5.936524215095346363e-02,0.000000000000000000e+00
8.260002613067626953e+00,-7.062765848323108997e-02,-5.936636574010330236e-02,0.000000000000000000e+00
8.280015945434570312e+00,-7.056188693323875438e-02,-5.947314521106270707e-02,0.000000000000000000e+00
8.300108194351196289e+00,-7.046041389713740555e-02,-5.965289010960269506e-02,0.000000000000000000e+00
8.319927215576171875e+00,-7.026851612840494254e-02,-5.973944495899959767e-02,0.000000000000000000e+00
8.340079545974731445e+00,-7.011105738786101160e-02,-5.974929309647998565e-02,0.000000000000000000e+00
8.360117673873901367e+00,-6.998796433344187107e-02,-5.984686930634512680e-02,0.000000000000000000e+00
8.379982948303222656e+00,-6.992548654789398910e-02,-5.983570809586116063e-02,0.000000000000000000e+00
8.400079488754272461e+00,-6.991245548431332391e-02,-5.985977910083581377e-02,0.000000000000000000e+00
8.419977903366088867e+00,-6.996362397700274516e-02,-5.992904656151851889e-02,0.000000000000000000e+00
8.440156936645507812e+00,-6.996023972072495933e-02,-5.991395631065408317e-02,0.000000000000000000e+00
8.460049152374267578e+00,-6.991643234566714826e-02,-5.988536148060161213e-02,0.000000000000000000e+00
8.479902029037475586e+00,-6.985038715139742227e-02,-5.977228255356437092e-02,0.000000000000000000e+00
8.500087976455688477e+00,-6.982591426091631914e-02,-5.981261881532791425e-02,0.000000000000000000e+00
8.520118951797485352e+00,-6.972336679590554476e-02,-5.979514736248994766e-02,0.000000000000000000e+00
8.540244817733764648e+00,-6.977262393184137379e-02,-5.984772144180244835e-02,0.000000000000000000e+00
8.560021400451660156e+00,-6.973914526601694697e-02,-5.991277378435699852e-02,0.000000000000000000e+00
8.580147743225097656e+00,-6.979481219460888231e-02,-5.983457880298422710e-02,0.000000000000000000e+00
8.599918842315673828e+00,-6.989128343222981987e-02,-5.981410415379268680e-02,0.000000000000000000e+00
8.619918584823608398e+00,-6.987788107302045360e-02,-5.983742035216105259e-02,0.000000000000000000e+00
8.639921665191650391e+00,-6.977523297426495297e-02,-5.993405208664383949e-02,0.000000000000000000e+00
8.660191059112548828e+00,-6.972703630003075637e-02,-5.993960065183046720e-02,0.000000000000000000e+00
8.680162906646728516e+00,-6.977057922851430394e-02,-6.000765280475605506e-02,0.000000000000000000e+00
8.700060367584228516e+00,-6.984980982568214647e-02,-6.002046952466554702e-02,0.000000000000000000e+00
8.720071554183959961e+00,-6.977863971880260419e-02,-5.998489491682001268e-02,0.000000000000000000e+00
8.739986658096313477e+00,-6.975813223198723545e-02,-5.991155503734578447e-02,0.000000000000000000e+00
8.759947061538696289e+00,-6.977983334306325780e-02,-5.992236861088485328e-02,0.000000000000000000e+00
8.780111789703369141e+00,-6.984441030718505083e-02,-5.985359993443989390e-02,0.000000000000000000e+00
8.799960136413574219e+00,-6.999936728420333432e-02,-5.981339127122721477e-02,0.000000000000000000e+00
8.819895267486572266e+00,-6.999667391111616399e-02,-5.978809782344352702e-02,0.000000000000000000e+00
8.840132236480712891e+00,-7.016082875665741181e-02,-5.981747978360401480e-02,0.000000000000000000e+00
8.859971284866333008e+00,-7.015010511809749438e-02,-5.991524388878764762e-02,0.000000000000000000e+00
8.880015134811401367e+00,-7.023201872280028513e-02,-5.989722944990023834e-02,0.000000000000000000e+00
8.900115728378295898e+00,-7.030275438583799552e-02,-5.989898464016198826e-02,0.000000000000000000e+00
8.919981479644775391e+00,-7.040332534108872942e-02,-5.986215959592504354e-02,0.000000000000000000e+00
8.940065622329711914e+00,-7.042314737713395445e-02,-5.986880117754728864e-02,0.000000000000000000e+00
8.960027217864990234e+00,-7.044811522426071282e-02,-5.973711208816739893e-02,0.000000000000000000e+00
8.980112552642822266e+00,-7.069027723273435537e-02,-5.963136417557109159e-02,0.000000000000000000e+00
8.999989748001098633e+00,-7.078815203288923996e-02,-5.962373449542950760e-02,0.000000000000000000e+00
9.020091772079467773e+00,-7.086448429892824863e-02,-5.961426381791647827e-02,0.000000000000000000e+00
9.040087223052980292e+00,-7.088939661101835432e-02,-5.960589904319935073e-02,0.000000000000000000e+00
9.060124874114990234e+00,-7.100020363683236246e-02,-5.962083098739514447e-02,0.000000000000000000e+00
9.079977512359619141e+00,-7.095580799822638618e-02,-5.970490526168296952e-02,0.000000000000000000e+00
9.099991321563720703e+00,-7.088170341585202372e-02,-5.984916749347819753e-02,0.000000000000000000e+00
9.120234727859495294e+00,-7.074739090464710056e-02,-6.002531796370944722e-02,0.000000000000000000e+00
9.140023708343505859e+00,-7.069214722899026804e-02,-6.013308554649925836e-02,0.000000000000000000e+00
9.160035610198976386e+00,-7.048895204433221207e-02,-6.023310021427213945e-02,0.000000000000000000e+00
9.179934501647949219e+00,-7.031542803323267976e-02,-6.036278540508432933e-02,0.000000000000000000e+00
9.199964761734008789e+00,-7.004142451990137686e-02,-6.052174154513086796e-02,0.000000000000000000e+00
9.219998598098756659e+00,-6.984701036409153574e-02,-6.057098116562573131e-02,0.000000000000000000e+00
9.239966630935667169e+00,-6.975736956245263964e-02,-6.056430319589682643e-02,0.000000000000000000e+00
9.259957075119020331e+00,-6.962920435644188999e-02,-6.053783333017886958e-02,0.000000000000000000e+00
9.280005693435667169e+00,-6.953533156351617006e-02,-6.047800645822384163e-02,0.000000000000000000e+00
9.300105571746826172e+00,-6.940262551016411485e-02,-6.054367470604486712e-02,0.000000000000000000e+00
9.319985866546630859e+00,-6.941344031314276852e-02,-6.044269838341986140e-02,0.000000000000000000e+00
9.340040206909179688e+00,-6.943154617535295114e-02,-6.044452791541275738e-02,0.000000000000000000e+00
9.360177516937255859e+00,-6.942925674726867225e-02,-6.042873339272728656e-02,0.000000000000000000e+00
9.379964828491212714e+00,-6.933202422333839543e-02,-6.033016642448570804e-02,0.000000000000000000e+00
9.399959325790403497e+00,-6.929694218874880851e-02,-6.030618591030893760e-02,0.000000000000000000e+00
9.419953107833862305e+00,-6.923473371309953051e-02,-6.033679118246473155e-02,0.000000000000000000e+00
9.440173625946043146e+00,-6.923261122228541176e-02,-6.031747380774320211e-02,0.000000000000000000e+00
9.459904670715332031e+00,-6.921299176463335812e-02,-6.034197811755310364e-02,0.000000000000000000e+00
9.479962825775146484e+00,-6.919172434460453547e-02,-6.031317625966596541e-02,0.000000000000000000e+00
9.499960184097290039e+00,-6.923274837286845507e-02,-6.042786596261903731e-02,0.000000000000000000e+00
9.520085096359251153e+00,-6.936074317506872589e-02,-6.041735182769711332e-02,0.000000000000000000e+00
9.539984464645385742e+00,-6.939250388832263194e-02,-6.046935915831566644e-02,0.000000000000000000e+00
9.559970617294311523e+00,-6.954751432195337146e-02,-6.056117128253086374e-02,0.000000000000000000e+00
9.579950571060180664e+00,-6.961267827821324139e-02,-6.058042161959156097e-02,0.000000000000000000e+00
9.600061416625976562e+00,-6.975282992609671551e-02,-6.064006147397292545e-02,0.000000000000000000e+00
9.619921922683715820e+00,-6.982249937459894529e-02,-6.076168088930591210e-02,0.000000000000000000e+00
9.639971256256103516e+00,-6.995835525617397077e-02,-6.087463867830961162e-02,0.000000000000000000e+00
9.659981727600097656e+00,-7.007023103992589264e-02,-6.089291752076577552e-02,0.000000000000000000e+00
9.679959058761596680e+00,-7.014810255144955653e-02,-6.093375033032626814e-02,0.000000000000000000e+00
9.699952840805053711e+00,-7.024487428073170059e-02,-6.100403272314443293e-02,0.000000000000000000e+00
9.720080137252807617e+00,-7.032132440448965460e-02,-6.100199078765545374e-02,0.000000000000000000e+00
9.740091323852540839e+00,-7.032559493956086483e-02,-6.101131463961945167e-02,0.000000000000000000e+00
9.759961843490600586e+00,-7.038287821142109879e-02,-6.095095381326733064e-02,0.000000000000000000e+00
9.779998064041137695e+00,-7.028442430238154848e-02,-6.089053257519574935e-02,0.000000000000000000e+00
9.800054311752319336e+00,-7.015290407820654051e-02,-6.085301534117702055e-02,0.000000000000000000e+00
9.819962024688720703e+00,-7.005056165457254624e-02,-6.090933623810202563e-02,0.000000000000000000e+00
9.839960098266601562e+00,-6.999374977589731261e-02,-6.080343754058433609e-02,0.000000000000000000e+00
9.859977006912231445e+00,-7.000426415287999693e-02,-6.068802867821260216e-02,0.000000000000000000e+00
9.879940032958984375e+00,-7.006135475609587271e-02,-6.064044106837832016e-02,0.000000000000000000e+00
9.899961709976196289e+00,-7.001339606813875016e-02,-6.069331934131300815e-02,0.000000000000000000e+00
9.919997930526731622e+00,-6.994114921855239253e-02,-6.062702194387312865e-02,0.000000000000000000e+00
9.939972400665283203e+00,-7.003714597711085954e-02,-6.057482736445854443e-02,0.000000000000000000e+00
9.960132837295532227e+00,-7.005250720837749578e-02,-6.048306288581304507e-02,0.000000000000000000e+00
9.980107069015504706e+00,-6.995981874813805845e-02,-6.044692852513189329e-02,0.000000000000000000e+00
9.999993562698364258e+00,-6.993175284152387816e-02,-6.032647597514757126e-02,0.000000000000000000e+00
1.001994180679321111e+01,-6.983646157113393427e-02,-6.016220434357006513e-02,0.000000000000000000e+00
1.004009723663330078e+01,-6.969449452084447438e-02,-6.011461071353377955e-02,0.000000000000000000e+00
1.006015539169311523e+01,-6.955724076650471321e-02,-6.005212195823261129e-02,0.000000000000000000e+00
1.007998991012573242e+01,-6.938580821252000874e-02,-5.990259853010088120e-02,0.000000000000000000e+00
1.009998536109924316e+01,-6.915884095541294241e-02,-5.988612379631297333e-02,0.000000000000000000e+00
1.012009739875793635e+01,-6.917562829328992302e-02,-5.977061687498133602e-02,0.000000000000000000e+00
1.013998627662658869e+01,-6.913562906180982515e-02,-5.981309548248042035e-02,0.000000000000000000e+00
1.015997505187988459e+01,-6.925242409672899280e-02,-5.995316785309343782e-02,0.000000000000000000e+00
1.018014931678771973e+01,-6.937085281988458751e-02,-6.005265848476810248e-02,0.000000000000000000e+00
1.020009636878967285e+01,-6.947095065553166027e-02,-6.016828489046428807e-02,0.000000000000000000e+00
1.021995997428894043e+01,-6.970221230963180581e-02,-6.034465007402823461e-02,0.000000000000000000e+00
1.024029278755187988e+01,-6.999560369175807095e-02,-6.039555794792079296e-02,0.000000000000000000e+00
1.026027917861938477e+01,-7.017827070852075688e-02,-6.050326658627142723e-02,0.000000000000000000e+00
1.028002548217773438e+01,-7.022737504694190336e-02,-6.066699664818044763e-02,0.000000000000000000e+00
1.030005478858947754e+01,-7.034438116652513839e-02,-6.068269194846882819e-02,0.000000000000000000e+00
1.031993889808654785e+01,-7.062093945385612692e-02,-6.064523437151356222e-02,0.000000000000000000e+00
1.034004139900207520e+01,-7.075803519521950413e-02,-6.068814000229806604e-02,0.000000000000000000e+00
1.036011576652526855e+01,-7.068920019156141321e-02,-6.066072588550278782e-02,0.000000000000000000e+00
1.038000440597534180e+01,-7.071425019330963846e-02,-6.065605110766796038e-02,0.000000000000000000e+00
1.040010547637939631e+01,-7.069858272029551360e-02,-6.065837764040157148e-02,0.000000000000000000e+00
1.041996097564697266e+01,-7.059072796302097441e-02,-6.075749963834024825e-02,0.000000000000000000e+00
1.043995070457458318e+01,-7.063235435217794789e-02,-6.076845766574621305e-02,0.000000000000000000e+00
1.045999288558959961e+01,-7.063033259502647654e-02,-6.072618801500163921e-02,0.000000000000000000e+00
1.048001551628112793e+01,-7.065275153765421257e-02,-6.081527101522044704e-02,0.000000000000000000e+00
1.050013422966003418e+01,-7.069539359833004744e-02,-6.082305567040231786e-02,0.000000000000000000e+00
1.052014088630676447e+01,-7.057294621996083872e-02,-6.074909967177882786e-02,0.000000000000000000e+00
1.053999614715576172e+01,-7.049595450297163612e-02,-6.072706449639620613e-02,0.000000000000000000e+00
1.056006693840026855e+01,-7.043117704900044018e-02,-6.062188286244152291e-02,0.000000000000000000e+00
1.057992148399353027e+01,-7.036757376283113430e-02,-6.062307656551256529e-02,0.000000000000000000e+00
1.060004544258117676e+01,-7.037974810087439803e-02,-6.057178000645924848e-02,0.000000000000000000e+00
1.062009072303771973e+01,-7.041940168085780716e-02,-6.049004948488363037e-02,0.000000000000000000e+00
1.063998055458068848e+01,-7.036325262831855110e-02,-6.046911681843656489e-02,0.000000000000000000e+00
1.066010165214538574e+01,-7.043377792262792148e-02,-6.048390780212140744e-02,0.000000000000000000e+00
1.068009305000305176e+01,-7.052997251886722330e-02,-6.045045411876874553e-02,0.000000000000000000e+00
1.069995832443237127e+01,-7.058916897840158966e-02,-6.050066615236584372e-02,0.000000000000000000e+00
1.072014999389648438e+01,-7.068208014380925053e-02,-6.054251612846622138e-02,0.000000000000000000e+00
1.073995280265807928e+01,-7.088684359893404618e-02,-6.050681497049478774e-02,0.000000000000000000e+00
1.076008009910583674e+01,-7.098321237847964038e-02,-6.064021589882627461e-02,0.000000000000000000e+00
1.078010296821594238e+01,-7.106979262073413739e-02,-6.064891546688856022e-02,0.000000000000000000e+00
1.080021834373473943e+01,-7.113100991420430452e-02,-6.067572525131008365e-02,0.000000000000000000e+00
1.082007956504821777e+01,-7.104471970520401247e-02,-6.074899385276942565e-02,0.000000000000000000e+00
1.083999729156493963e+01,-7.094627029230628212e-02,-6.075590941809826118e-02,0.000000000000000000e+00
1.085997748374938965e+01,-7.081495187086954413e-02,-6.075983216644827850e-02,0.000000000000000000e+00
1.088001775741577148e+01,-7.065297064702698304e-02,-6.086585215008174371e-02,0.000000000000000000e+00
1.090012621879577637e+01,-7.057537221602865063e-02,-6.091523522606739904e-02,0.000000000000000000e+00
1.091995668411254883e+01,-7.060234495827431844e-02,-6.089898312937753327e-02,0.000000000000000000e+00
1.093999004364013672e+01,-7.060341560158286955e-02,-6.097879028573460758e-02,0.000000000000000000e+00
1.096001887321472168e+01,-7.059897091293095006e-02,-6.084482026476455835e-02,0.000000000000000000e+00
1.097997808456420721e+01,-7.048663964001267157e-02,-6.082329105366494210e-02,0.000000000000000000e+00
1.099999332427978338e+01,-7.035627239514126441e-02,-6.087062513492578347e-02,0.000000000000000000e+00
1.102026987075805664e+01,-7.004015231980841028e-02,-6.078667766036605774e-02,0.000000000000000000e+00
1.104013395309448242e+01,-6.970946932355882864e-02,-6.083826386062533842e-02,0.000000000000000000e+00
1.105999612808227539e+01,-6.946973858394428492e-02,-6.080192176560405420e-02,0.000000000000000000e+00
1.107996940612792969e+01,-6.919084413547547940e-02,-6.090042966012373243e-02,0.000000000000000000e+00
1.110001826286315918e+01,-6.885578613462706166e-02,-6.096010304083144399e-02,0.000000000000000000e+00
1.112009835243225275e+01,-6.849680003570562947e-02,-6.101201727070951902e-02,0.000000000000000000e+00
1.113994741439819158e+01,-6.829816980659070280e-02,-6.102596096702370132e-02,0.000000000000000000e+00
1.115992307662964045e+01,-6.794925095428305806e-02,-6.113406367023305893e-02,0.000000000000000000e+00
1.118014931678771973e+01,-6.772249093593173119e-02,-6.117265684193794184e-02,0.000000000000000000e+00
1.120009636878967285e+01,-6.760151947308000453e-02,-6.120455146182923051e-02,0.000000000000000000e+00
1.121999287605285645e+01,-6.748321483976980895e-02,-6.123217718272221111e-02,0.000000000000000000e+00
1.124008083343506037e+01,-6.738871459443065981e-02,-6.115686821916846427e-02,0.000000000000000000e+00
1.126019382476806641e+01,-6.725715230206652517e-02,-6.109564954178877544e-02,0.000000000000000000e+00
1.127996969223022461e+01,-6.720273998322819076e-02,-6.114189743369582986e-02,0.000000000000000000e+00
1.129994964599609375e+01,-6.712962941450109633e-02,-6.108751010745278043e-02,0.000000000000000000e+00
1.131993985176086426e+01,-6.719015652946772055e-02,-6.104011469993032152e-02,0.000000000000000000e+00
1.133994865417480469e+01,-6.740833044147792608e-02,-6.098350565708079291e-02,0.000000000000000000e+00
1.135999464988708318e+01,-6.772721699260809969e-02,-6.094048445732040686e-02,0.000000000000000000e+00
1.137997221946716486e+01,-6.809867355307001879e-02,-6.089666507050176675e-02,0.000000000000000000e+00
1.139997029304504395e+01,-6.890211796432721414e-02,-6.074917782372104419e-02,0.000000000000000000e+00
1.142009019851684570e+01,-6.994022056206701532e-02,-6.063740214842232301e-02,0.000000000000000000e+00
1.143994808197021662e+01,-7.135101820734998657e-02,-6.062445652077266822e-02,0.000000000000000000e+00
1.145998692512512207e+01,-7.327415883512702899e-02,-6.049732095229316819e-02,0.000000000000000000e+00
1.148004531860351562e+01,-7.576618549781757861e-02,-6.034702819428456461e-02,0.000000000000000000e+00
1.149997949600219549e+01,-7.881335999841794504e-02,-6.021259571916052350e-02,0.000000000000000000e+00
1.152004146575927557e+01,-8.243483830805431456e-02,-6.005163920918672044e-02,0.000000000000000000e+00
1.153996014595031561e+01,-8.623675550558862479e-02,-5.988829952404988582e-02,0.000000000000000000e+00
1.155996894836425781e+01,-9.052849425817564855e-02,-5.978078462878185645e-02,0.000000000000000000e+00
1.157998538017272949e+01,-9.564427875808451107e-02,-5.957908495237985297e-02,0.000000000000000000e+00
1.159992241859436035e+01,-1.019777020328236222e-01,-5.927823992495678124e-02,0.000000000000000000e+00
1.161998987197875977e+01,-1.095709564793569263e-01,-5.911447667379543525e-02,0.000000000000000000e+00
1.164009356498718439e+01,-1.179883688196292080e-01,-5.910243272556936489e-02,0.000000000000000000e+00
1.165998220443725586e+01,-1.261962678919412995e-01,-5.909645193124796886e-02,0.000000000000000000e+00
1.167996716499328613e+01,-1.335101377103490305e-01,-5.932281670749085800e-02,0.000000000000000000e+00
1.170008444786071777e+01,-1.395334676238133564e-01,-5.974949709923174646e-02,0.000000000000000000e+00
1.171997141838073553e+01,-1.443482450229995884e-01,-6.037466676621357220e-02,0.000000000000000000e+00
1.174003863334655762e+01,-1.474256490635232064e-01,-6.090601047681588193e-02,0.000000000000000000e+00
1.175997114181518555e+01,-1.481472659933999458e-01,-6.148667251376145615e-02,0.000000000000000000e+00
1.177998352050781250e+01,-1.462978421535225948e-01,-6.220460046928875247e-02,0.000000000000000000e+00
1.179995822906493963e+01,-1.420860496463714207e-01,-6.274570782141900005e-02,0.000000000000000000e+00
1.182007908821105957e+01,-1.355329851549692266e-01,-6.317099351393247464e-02,0.000000000000000000e+00
1.184009146690368830e+01,-1.265605392579405852e-01,-6.341370151387409893e-02,0.000000000000000000e+00
1.185995388031006037e+01,-1.163860244028029484e-01,-6.340413100703906624e-02,0.000000000000000000e+00
1.187994050979614435e+01,-1.046633358328689090e-01,-6.344472833844198856e-02,0.000000000000000000e+00
1.189999794960021973e+01,-9.119791268737766077e-02,-6.334255194307124304e-02,0.000000000000000000e+00
1.191998338699340820e+01,-7.734375079040890777e-02,-6.317507720306206331e-02,0.000000000000000000e+00
1.194013977050781250e+01,-6.336166821442372477e-02,-6.290169605274113784e-02,0.000000000000000000e+00
1.195996952056884766e+01,-4.915007613417168159e-02,-6.270543275656811910e-02,0.000000000000000000e+00
1.198002314567565918e+01,-3.497011008551797334e-02,-6.220937291624995674e-02,0.000000000000000000e+00
1.200010490417480469e+01,-2.125605094148857316e-02,-6.203722340744033392e-02,0.000000000000000000e+00
1.201999187469482422e+01,-7.377798962745638935e-03,-6.210923184221352200e-02,0.000000000000000000e+00
1.204012608528137207e+01,7.041108417833370249e-03,-6.233097885959285045e-02,0.000000000000000000e+00
1.205996227264404475e+01,2.224520596621480314e-02,-6.296720279142983823e-02,0.000000000000000000e+00
1.208006882667541682e+01,3.931707677604437401e-02,-6.388492597047291943e-02,0.000000000000000000e+00
1.209998059272765936e+01,5.688661483104937022e-02,-6.506864399032763480e-02,0.000000000000000000e+00
1.212007713317871271e+01,7.238510297559118400e-02,-6.744142533919825211e-02,0.000000000000000000e+00
1.213998937606811523e+01,8.226843987784525358e-02,-6.938374358562655886e-02,0.000000000000000000e+00
1.216005349159240723e+01,8.971432106550734920e-02,-7.067555591954975680e-02,0.000000000000000000e+00
1.217994403839111150e+01,9.470960815598260252e-02,-7.205640148594226468e-02,0.000000000000000000e+00
1.220015954971313654e+01,9.625715984404920045e-02,-7.322056102538634925e-02,0.000000000000000000e+00
1.222011160850524725e+01,9.666763195838594391e-02,-7.420540217192345134e-02,0.000000000000000000e+00
1.223997712135314941e+01,9.280986019170493762e-02,-7.425862501995998677e-02,0.000000000000000000e+00
1.225996637344360352e+01,8.610315034335913609e-02,-7.391665312589834613e-02,0.000000000000000000e+00
1.228010392189026057e+01,7.491731671003745707e-02,-7.247008302767966870e-02,0.000000000000000000e+00
1.230004262924194336e+01,6.501856046953308210e-02,-7.108997702566087484e-02,0.000000000000000000e+00
1.232011532783508478e+01,5.515530511788053342e-02,-6.940240176178272269e-02,0.000000000000000000e+00
1.234018993377685547e+01,4.452868458316794342e-02,-6.794500613934718880e-02,0.000000000000000000e+00
1.235997962951660156e+01,3.104641891645940413e-02,-6.687068885530064732e-02,0.000000000000000000e+00
1.237996649742126465e+01,1.665373578801924645e-02,-6.492022495251813241e-02,0.000000000000000000e+00
1.240005111694335938e+01,5.621054647285787798e-03,-6.236264974461939309e-02,0.000000000000000000e+00
1.242009329795837402e+01,-5.721946026110041536e-03,-6.005615244681940246e-02,0.000000000000000000e+00
1.243997979164123535e+01,-1.754244544480980730e-02,-5.735389658885946956e-02,0.000000000000000000e+00
1.245992612838745117e+01,-2.892181477792691788e-02,-5.462953522637020720e-02,0.000000000000000000e+00
1.247998404502868830e+01,-3.722004249736383941e-02,-5.218801796429910905e-02,0.000000000000000000e+00
1.250024747848510742e+01,-4.249495242691997410e-02,-5.037030748196984209e-02,0.000000000000000000e+00
1.252000236511230469e+01,-4.512123032231234870e-02,-4.931693782651373759e-02,0.000000000000000000e+00
1.254010057449340820e+01,-4.663916840809676639e-02,-4.920808522821062958e-02,0.000000000000000000e+00
1.255995035171508789e+01,-4.807000806542811172e-02,-4.947904506594923840e-02,0.000000000000000000e+00
1.258009004592895685e+01,-4.671823155185465121e-02,-5.049420396776588271e-02,0.000000000000000000e+00
1.259997844696044922e+01,-4.329068291049579381e-02,-5.249077408430245090e-02,0.000000000000000000e+00
1.262004327774048029e+01,-3.872881854300518067e-02,-5.484380676319702830e-02,0.000000000000000000e+00
1.263998270034790039e+01,-3.165667666175634581e-02,-5.759983887949692016e-02,0.000000000000000000e+00
1.265996170043945135e+01,-2.392644153937715026e-02,-6.065522657152133679e-02,0.000000000000000000e+00
1.267997622489929199e+01,-1.345220460634986674e-02,-6.382338917237373455e-02,0.000000000000000000e+00
1.270004820823669434e+01,-1.136566984421737364e-03,-6.693406159974965575e-02,0.000000000000000000e+00
1.271994876861572443e+01,9.245332331925442196e-03,-6.996101425904933946e-02,0.000000000000000000e+00
1.273996138572692871e+01,1.964538748516407932e-02,-7.242046655441307379e-02,0.000000000000000000e+00
1.275997328758239568e+01,2.924670271720252249e-02,-7.540175835324762488e-02,0.000000000000000000e+00
1.278000712394714355e+01,4.050376387872320350e-02,-7.693202272894389404e-02,0.000000000000000000e+00
1.280011081695556641e+01,5.131205765255219403e-02,-7.808863489173401007e-02,0.000000000000000000e+00
1.281997704505920410e+01,6.115811932210236251e-02,-7.864836005382326578e-02,0.000000000000000000e+00
1.283992934226989568e+01,7.042828992501090624e-02,-7.801041046862620953e-02,0.000000000000000000e+00
1.286019778251647949e+01,7.785471242672632741e-02,-7.651920451560721703e-02,0.000000000000000000e+00
1.287996411323547363e+01,8.257110942132223075e-02,-7.449919961120680945e-02,0.000000000000000000e+00
1.289998841285705566e+01,8.640791858877883147e-02,-7.244462816243717185e-02,0.000000000000000000e+00
1.292010784149169922e+01,9.029435860551889015e-02,-7.029055646059374773e-02,0.000000000000000000e+00
1.294010066986083984e+01,9.501910592992865445e-02,-6.828926409852389967e-02,0.000000000000000000e+00
1.296011805534362793e+01,1.003989296202418141e-01,-6.629447955246356439e-02,0.000000000000000000e+00
1.298005199432373047e+01,1.082869979702520830e-01,-6.445323195362581692e-02,0.000000000000000000e+00
1.299995422363281250e+01,1.155528738938472189e-01,-6.305903726978955015e-02,0.000000000000000000e+00
1.301999664306640625e+01,1.247003812277117790e-01,-6.198312498391341657e-02,0.000000000000000000e+00
1.304003286361694336e+01,1.321223698660118351e-01,-6.156118446828340307e-02,0.000000000000000000e+00
1.306017255783081055e+01,1.394134727207606284e-01,-6.088912000181156275e-02,0.000000000000000000e+00
1.308011150360107422e+01,1.455196540949056372e-01,-6.067292454054310641e-02,0.000000000000000000e+00
1.310008311271667658e+01,1.498017245874258274e-01,-6.051563044848577710e-02,0.000000000000000000e+00
1.312001442909240723e+01,1.532525686286630995e-01,-6.033971569824904402e-02,0.000000000000000000e+00
1.313999915122985840e+01,1.534544011768656790e-01,-6.022178946190062665e-02,0.000000000000000000e+00
1.315997982025146484e+01,1.504357603829460377e-01,-5.980016243276714549e-02,0.000000000000000000e+00
1.317994093894958318e+01,1.453416262618612842e-01,-5.902634223806164232e-02,0.000000000000000000e+00
1.320006513595581055e+01,1.363267107600776296e-01,-5.811527068461209977e-02,0.000000000000000000e+00
1.321998047828674316e+01,1.156208796266134375e-01,-5.650771308188856645e-02,0.000000000000000000e+00
1.323992657661437988e+01,8.824529616959590761e-02,-5.439882028432564687e-02,0.000000000000000000e+00
1.325997567176818848e+01,7.036202336453228900e-02,-5.145771222263036820e-02,0.000000000000000000e+00
1.327995800971984863e+01,5.366059502214810123e-02,-4.742288883720954806e-02,0.000000000000000000e+00
1.329998922348022461e+01,4.071008726174839970e-02,-4.375365150832946637e-02,0.000000000000000000e+00
1.331998991966247559e+01,2.930095630230552389e-02,-3.992051954355158028e-02,0.000000000000000000e+00
1.333999371528625666e+01,2.003561747222587855e-02,-3.641549125381279839e-02,0.000000000000000000e+00
1.335999560356139959e+01,1.265190083410235901e-02,-3.492881360740738433e-02,0.000000000000000000e+00
1.338006520271301270e+01,4.876641860683011975e-03,-3.425690609986608431e-02,0.000000000000000000e+00
1.339998364448547363e+01,-2.507618125573345211e-03,-3.445932074159103325e-02,0.000000000000000000e+00
1.341996979713439941e+01,-1.043939421173172011e-02,-3.530721169981303198e-02,0.000000000000000000e+00
1.343992495536804199e+01,-1.731571144792786940e-02,-3.661240510322272268e-02,0.000000000000000000e+00
1.346002984046936035e+01,-2.374554090715020119e-02,-3.840125060835299781e-02,0.000000000000000000e+00
1.348006939888000488e+01,-3.116674724544636274e-02,-4.041289042967472628e-02,0.000000000000000000e+00
1.349992012977599920e+01,-3.832371107437865243e-02,-4.297999173750310931e-02,0.000000000000000000e+00
1.352004146575927557e+01,-4.510201509556220623e-02,-4.564989552708863946e-02,0.000000000000000000e+00
1.354008746147155762e+01,-5.126574285140156340e-02,-4.893019573978470149e-02,0.000000000000000000e+00
1.356009531021118164e+01,-5.715828494473038091e-02,-5.259383093827400824e-02,0.000000000000000000e+00
1.357997751235961914e+01,-6.146611188078002913e-02,-5.667909486334361119e-02,0.000000000000000000e+00
1.359995841979980469e+01,-6.464990838316284072e-02,-6.092991527165289578e-02,0.000000000000000000e+00
1.362007832527160645e+01,-6.806161512575656380e-02,-6.524532438377475541e-02,0.000000000000000000e+00
1.363999199867248358e+01,-7.138627147177759036e-02,-6.927989344969277818e-02,0.000000000000000000e+00
1.366008758544922053e+01,-7.383260378251500777e-02,-7.285031962487130419e-02,0.000000000000000000e+00
1.367992496490478338e+01,-7.448159829620423777e-02,-7.556793591802937748e-02,0.000000000000000000e+00
1.370009565353393555e+01,-7.413709848253149937e-02,-7.745703410678071721e-02,0.000000000000000000e+00
1.371999311447143555e+01,-7.355914246946135271e-02,-7.830150885898883029e-02,0.000000000000000000e+00
1.374006557464599609e+01,-7.268507800569123933e-02,-7.831301191098428982e-02,0.000000000000000000e+00
1.375998902320861816e+01,-7.081610486709020991e-02,-7.749589326888377261e-02,0.000000000000000000e+00
1.378012967109680176e+01,-6.835175710570012830e-02,-7.566807569987446525e-02,0.000000000000000000e+00
1.380001449584960938e+01,-6.510270796273259775e-02,-7.330925214013854496e-02,0.000000000000000000e+00
1.382000064849853516e+01,-6.106243063831370138e-02,-7.019561961246860438e-02,0.000000000000000000e+00
1.384005117416381836e+01,-5.625605395685389504e-02,-6.637666473270921463e-02,0.000000000000000000e+00
1.385998392105102361e+01,-5.081841961417030151e-02,-6.224452614777967879e-02,0.000000000000000000e+00
1.387999010086059570e+01,-4.436856954270718828e-02,-5.800592182176620565e-02,0.000000000000000000e+00
1.390003633499145685e+01,-3.684987423126200728e-02,-5.425944061213030384e-02,0.000000000000000000e+00
1.392003321647644043e+01,-2.840519046583371912e-02,-5.106570710221703530e-02,0.000000000000000000e+00
1.393998670578002930e+01,-1.887282586064687601e-02,-4.887678335176841304e-02,0.000000000000000000e+00
1.395999860763549805e+01,-8.374979672934051642e-03,-4.736290382116232350e-02,0.000000000000000000e+00
1.398005676269531250e+01,3.000360158631249288e-03,-4.680650064353018142e-02,0.000000000000000000e+00
1.400000905990600586e+01,1.483257869631448775e-02,-4.665101044484566001e-02,0.000000000000000000e+00
1.401996636390686035e+01,2.648251296994863849e-02,-4.695181752761754673e-02,0.000000000000000000e+00
1.403998327255249023e+01,3.766618673816572033e-02,-4.777246663648358760e-02,0.000000000000000000e+00
1.406000900268554865e+01,4.875427395285241577e-02,-4.902559028090811705e-02,0.000000000000000000e+00
1.407994771003723145e+01,5.911519435613017681e-02,-5.055228210621955098e-02,0.000000000000000000e+00
1.410000419616699219e+01,6.834268226802343860e-02,-5.221017255816826769e-02,0.000000000000000000e+00
1.412007856369018555e+01,7.647774966357342996e-02,-5.420845469332116751e-02,0.000000000000000000e+00
1.413996052742004395e+01,8.352519705655793436e-02,-5.595240394730913169e-02,0.000000000000000000e+00
1.416000103950500488e+01,8.950671801971461783e-02,-5.730316584288861620e-02,0.000000000000000000e+00
1.418012475967407227e+01,9.424293950654269447e-02,-5.820154915814650110e-02,0.000000000000000000e+00
1.420004844665527166e+01,9.772972209692108725e-02,-5.834877278977965154e-02,0.000000000000000000e+00
1.421999359130859375e+01,1.000886939445291557e-01,-5.774862525844198791e-02,0.000000000000000000e+00
1.424008512496948242e+01,1.013624992811197195e-01,-5.657337074461368798e-02,0.000000000000000000e+00
1.425997638702392578e+01,1.013846418650724002e-01,-5.479181285830993925e-02,0.000000000000000000e+00
1.428011465072631836e+01,1.002782859324306275e-01,-5.260417073394497295e-02,0.000000000000000000e+00
1.429996895790099920e+01,9.814121160076531847e-02,-5.035684628048059386e-02,0.000000000000000000e+00
1.432011127471923828e+01,9.469234690895922402e-02,-4.796459503035635508e-02,0.000000000000000000e+00
1.433995246887207031e+01,9.008283862462983238e-02,-4.550315120236887723e-02,0.000000000000000000e+00
1.435999894142150879e+01,8.435820168964416887e-02,-4.304807600618619501e-02,0.000000000000000000e+00
1.438005471229553223e+01,7.767170096364214849e-02,-4.089926509624246254e-02,0.000000000000000000e+00
1.439994311332702637e+01,6.960191819961801529e-02,-3.937799183270761921e-02,0.000000000000000000e+00
1.441992425918579279e+01,6.051145543865466686e-02,-3.838613863520635994e-02,0.000000000000000000e+00
1.443998551368713379e+01,5.063175784458555373e-02,-3.826928974839571146e-02,0.000000000000000000e+00
1.446013522148132324e+01,4.003367756279593848e-02,-3.928196937023003404e-02,0.000000000000000000e+00
1.448008298873901367e+01,2.909602532575094117e-02,-4.104185779303506226e-02,0.000000000000000000e+00
1.449994897842407227e+01,1.797546653164426578e-02,-4.363328851676188253e-02,0.000000000000000000e+00
1.452008223533630371e+01,6.867217409372755425e-03,-4.692105116854895092e-02,0.000000000000000000e+00
1.454005432128906250e+01,-4.017327088383718103e-03,-5.054689803729288389e-02,0.000000000000000000e+00
1.456004881858825684e+01,-1.457921842715832403e-02,-5.457972987828361294e-02,0.000000000000000000e+00
1.457992768287658869e+01,-2.453839462017453482e-02,-5.887606746065477542e-02,0.000000000000000000e+00
1.459997177124023438e+01,-3.349940602179234811e-02,-6.320524586649461929e-02,0.000000000000000000e+00
1.461993527412414551e+01,-4.129760148189774022e-02,-6.726314488487902810e-02,0.000000000000000000e+00
1.464012336730957031e+01,-4.813439165001640041e-02,-7.083026634630439078e-02,0.000000000000000000e+00
1.466007733345031561e+01,-5.383772540878972029e-02,-7.378381459528227104e-02,0.000000000000000000e+00
1.467996621131896973e+01,-5.835763843256311367e-02,-7.611445394163392220e-02,0.000000000000000000e+00
1.469992065429687678e+01,-6.186815247687196123e-02,-7.760441623686968604e-02,0.000000000000000000e+00
1.472023391723632812e+01,-6.456341219781018548e-02,-7.806918546050328755e-02,0.000000000000000000e+00
1.473994278907776057e+01,-6.645635343568408182e-02,-7.757320862914565684e-02,0.000000000000000000e+00
1.476031422615051270e+01,-6.737752548429237764e-02,-7.604419418492849858e-02,0.000000000000000000e+00
1.477997493743896484e+01,-6.717002900863544568e-02,-7.393601558738763235e-02,0.000000000000000000e+00
1.480003881454467773e+01,-6.590064614114114760e-02,-7.107148114550085327e-02,0.000000000000000000e+00
1.481997108459472834e+01,-6.334793301544258681e-02,-6.795466580331119277e-02,0.000000000000000000e+00
1.483998155593872070e+01,-5.994071988135221685e-02,-6.440131690452488566e-02,0.000000000000000000e+00
1.486011719703674316e+01,-5.536650805667534675e-02,-6.081920734321594191e-02,0.000000000000000000e+00
1.487998175621032715e+01,-4.977249050578903822e-02,-5.739298025552534016e-02,0.000000000000000000e+00
1.490006995201110840e+01,-4.327248097708624730e-02,-5.435044886131870645e-02,0.000000000000000000e+00
1.492010855674743652e+01,-3.553085003672077496e-02,-5.184988974258609995e-02,0.000000000000000000e+00
1.494000554084777832e+01,-2.669955477561575946e-02,-5.018274756411443549e-02,0.000000000000000000e+00
1.496007466316223145e+01,-1.713338893879375047e-02,-4.909388080257940518e-02,0.000000000000000000e+00
1.497995471954345525e+01,-6.425079412658202087e-03,-4.866168312694282849e-02,0.000000000000000000e+00
1.500006985664367676e+01,5.091692034387084419e-03,-4.866519912425861655e-02,0.000000000000000000e+00
1.502006053924560369e+01,1.671445807167428604e-02,-4.903300197492434925e-02,0.000000000000000000e+00
1.504000663757324219e+01,2.802802752390472218e-02,-4.988049527812343786e-02,0.000000000000000000e+00
1.505997681617736816e+01,3.903741396893326693e-02,-5.102970179320420047e-02,0.000000000000000000e+00
1.508020853996276855e+01,4.964711372739281231e-02,-5.244213614683744529e-02,0.000000000000000000e+00
1.509994268417358398e+01,5.933339841198202042e-02,-5.389092925044381560e-02,0.000000000000000000e+00
1.511996912956237793e+01,6.776809472706102344e-02,-5.528289027621951374e-02,0.000000000000000000e+00
1.513993573188781561e+01,7.491812804124370340e-02,-5.636581842981874813e-02,0.000000000000000000e+00
1.515995812416076838e+01,8.081503648338467238e-02,-5.704736885469890995e-02,0.000000000000000000e+00
1.517993640899658203e+01,8.533518640360011898e-02,-5.704463640554748027e-02,0.000000000000000000e+00
1.519998049736022949e+01,8.847494631845190249e-02,-5.650240822061573798e-02,0.000000000000000000e+00
1.522033929824829279e+01,9.050984682391199909e-02,-5.535738311492916647e-02,0.000000000000000000e+00
1.524031758308410645e+01,9.138390856073701218e-02,-5.357111921197702659e-02,0.000000000000000000e+00
1.525993299484252930e+01,9.095887882603413688e-02,-5.146193033245801546e-02,0.000000000000000000e+00
1.528009057044982733e+01,8.925715883925285088e-02,-4.896042614812828875e-02,0.000000000000000000e+00
1.529998159408569158e+01,8.640734368240092500e-02,-4.657603502628996500e-02,0.000000000000000000e+00
1.532007241249084473e+01,8.241503435271435585e-02,-4.424816221808191424e-02,0.000000000000000000e+00
1.534009027481079279e+01,7.727629205865221840e-02,-4.216128575468227474e-02,0.000000000000000000e+00
1.535998058319091797e+01,7.111016551454972523e-02,-4.037849523054521522e-02,0.000000000000000000e+00
1.538021779060363770e+01,6.397565851710017293e-02,-3.912057577251683987e-02,0.000000000000000000e+00
1.540000057220458984e+01,5.640195205811173590e-02,-3.867529398906972837e-02,0.000000000000000000e+00
1.542015671730041682e+01,4.816881583873255240e-02,-3.876224696270429149e-02,0.000000000000000000e+00
1.543995165824889959e+01,3.987562647983565467e-02,-3.968922266464956078e-02,0.000000000000000000e+00
1.545997047424316406e+01,3.144903352492553483e-02,-4.135423564665383078e-02,0.000000000000000000e+00
1.547998070716858088e+01,2.328624290614468573e-02,-4.366355259734196193e-02,0.000000000000000000e+00
1.550007486343383789e+01,1.545022878582910306e-02,-4.647535084952034851e-02,0.000000000000000000e+00
1.552000308036804199e+01,8.014452052613864688e-03,-4.943255735098095460e-02,0.000000000000000000e+00
1.553996920585632324e+01,1.289172632844263209e-03,-5.270639211793125278e-02,0.000000000000000000e+00
1.555997443199157537e+01,-4.504364673971241947e-03,-5.610797394166933821e-02,0.000000000000000000e+00
1.557996749877929688e+01,-8.998722252455368040e-03,-5.928694620255288428e-02,0.000000000000000000e+00
1.559995603561401367e+01,-1.239484956283154818e-02,-6.191322063491339067e-02,0.000000000000000000e+00
1.561993646621703924e+01,-1.463961302692509334e-02,-6.403773849403139595e-02,0.000000000000000000e+00
1.563996767997741522e+01,-1.573713872525429880e-02,-6.552134189974247180e-02,0.000000000000000000e+00
1.566008949279785156e+01,-1.571333503780115298e-02,-6.624074758990956824e-02,0.000000000000000000e+00
1.567997765541076838e+01,-1.496032316300524578e-02,-6.625167002252817239e-02,0.000000000000000000e+00
1.569992566108703613e+01,-1.343402740544313509e-02,-6.562813920848069305e-02,0.000000000000000000e+00
1.571998786926269531e+01,-1.141248454111478891e-02,-6.453172907846393969e-02,0.000000000000000000e+00
